terme;categorie;forme_privilegiee;variantes;frequence;documents;sigle_developpement;statut;source_normative;exemple_1;exemple_2;note
Menschen mit Behinderung;handicap;Menschen mit Behinderung;;469;70;;neutre;;Aus dem Schattenbericht von Inclusion Handicap (2017) geht hervor, dass Jugendliche mit Behinderungen in der Schweiz bereits beim Zugang zur Berufsbildung mit zahlreichen, teils schweren Benachteiligu;Aus dem Schattenbericht von Inclusion Handicap (2017) geht hervor, dass Jugendliche mit Behinderungen in der Schweiz bereits beim Zugang zur Berufsbildung mit zahlreichen, teils schweren Benachteiligu;
Behinderte;handicap;Behinderte;;34;20;;neutre;;Bericht «Gehörlose und Hörbehinderte und ihr Zugang zur Berufsbildung»;Um das gegenseitige Verständnis für die Komplexität des jeweils anderen Systems zu fördern, hat das Staatssekretariat für Bildung, Forschung und Innovation im Rahmen des Projekts «Gehörlose und Hörbeh;
Beeinträchtigung;handicap;Beeinträchtigung;;417;88;;neutre;;Zudem beschreibt der Bericht, wie Jugendliche mit Gehörlosigkeit oder einer Hörbehinderung vor und während der beruflichen Grundbildung unterstützt werden und was das Umfeld tun kann. Lernende mit Bee;Zusammenfassend zeigt sich, dass in der Berufsbildung auf der Basis der bestehenden Gesetzgebung ein vielfältiges Instrumentarium an Massnahmen und Unterstützungsangeboten für Jugendliche und Erwachse;
Förderbedarf;handicap;Förderbedarf;;91;41;;neutre;;Lulaj, T. (2023). Die Bedeutung der Sonderpädagogik auf der Sekundarstufe II. Wie Ausbildungen für Jugendliche mit Förderbedarf gelingen können. Schweizerische Zeitschrift für Heilpädagogik, 29 (1), 2;Schellenberg, C. & Hoffmann, C. (2016). Fit für die Berufslehre. Forschungsbericht zur Berufswahlvorbereitung an der Schule bei Jugendlichen mit besonderem Förderbedarf. Edition SZH/CSPS.;
KI;sigle;KI;;278;34;ging es in der repräsentativen Studie um die Schwerpunkte Künstliche Intelligenz;neutre;;;;
BRK;sigle;BRK;;137;45;Behindertenrechtskonvention;neutre;;;;
SHP;sigle;SHP;;86;13;innen;neutre;;;;
PDA;sigle;PDA;;57;5;Pathological Demand Avoidance;neutre;;;;
UDL;sigle;UDL;;55;12;Das Universal Design for Learning;neutre;;;;
UK;sigle;UK;;54;12;Kniereiter- und Bewegungslieder sowie Hilfsmittel der Unterstützten Kommunikation;neutre;;;;
WG;sigle;WG;;52;3;Die räumliche und organisatorische Lösung ist angelehnt an ein Wohngemeinschafts;neutre;;;;
HFE;sigle;HFE;;45;4;die von der Heilpädagogischen Früherziehung;neutre;;;;
EBA;sigle;EBA;;37;11;Zweijährige berufliche Grundbildung mit eidgenössischem Berufsattest;neutre;;;;
ASS;sigle;ASS;;36;13;Autismus-Spektrum-Störungen;neutre;;;;
SD;sigle;SD;;30;8;und Standardabweichungen;neutre;;;;
LRS;sigle;LRS;;26;5;Eine Schülerin mit Lese-Rechtschreibstörung;neutre;;;;
IKL;sigle;IKL;;23;2;Dieser Beitrag stellt das Integrationsförderliche Kooperative Lernen;neutre;;;;
BSV;sigle;BSV;;20;10;Das Bundesamt für Sozialversicherungen;neutre;;;;
AR;sigle;AR;;20;2;Augmented Reality;neutre;;;;
EFZ;sigle;EFZ;;17;8;und Eidgenössisches Fähigkeitszeugnis;neutre;;;;
EASNIE;sigle;EASNIE;;15;6;European Agency for Special Needs and Inclusive Education;neutre;;;;
PMT;sigle;PMT;;12;2;Die Psychomotoriktherapie;neutre;;;;
BV;sigle;BV;;11;5;lagen des Nachteilsausgleichs finden sich in der Schweizerischen Bundesverfassung;neutre;;;;
SKBF;sigle;SKBF;;11;9;oring und beauftragt die Schweizerische Koordinationsstelle für Bildungsforschung;neutre;;;;
ESE;sigle;ESE;;11;5;iale Entwicklung in der Pädagogik der Erziehungshilfe und bei Verhaltensstörungen;neutre;;;;
MA;sigle;MA;;10;9;Junior Researcher;neutre;;;;
USA;sigle;USA;;10;9;Als sie in Illinois;neutre;;;;
CIIP;sigle;CIIP;;10;2;der Interkantonalen Erziehungsdirektorenkonferenz der Westschweiz und des Tessins;neutre;;;;
RLP;sigle;RLP;;10;2;zum wahrgenommenen Handeln der Schulleitung aus Sicht der Regellehrpersonen;neutre;;;;
WCAG;sigle;WCAG;;9;5;Im Jahr 2020 wurden die Web Content Accessibility Guidelines;neutre;;;;
PTBS;sigle;PTBS;;9;2;erten Traumafolgestörungen wie zum Beispiel Posttraumatischen Belastungsstörungen;neutre;;;;
VZÄ;sigle;VZÄ;;9;2;Vollzeitäquivalente;neutre;;;;
EASIE;sigle;EASIE;;8;5;Die Statistik der Europäischen Agentur für inklusive Bildung;neutre;;;;
SHP1;sigle;SHP1;;8;2;eröffnet eine Studentin der Schulischen Heilpädagogik;neutre;;;;
BPR;sigle;BPR;;8;2;Das Bundesgesetz über die politischen Rechte;neutre;;;;
IFI;sigle;IFI;;8;2;bei Beziehenden von IV-Leistungen und die Schaffung von Frühinterventionszentren;neutre;;;;
ETH;sigle;ETH;;7;4;Studium an einer Universität oder an einer Eidgenössischen Technischen Hochschule;neutre;;;;
SBB;sigle;SBB;;7;3;Die Schweizerische Bundesbahn;neutre;;;;
FH;sigle;FH;;7;7;oder vereinzelt auch an den Fachhochschulen;neutre;;;;
ORF;sigle;ORF;;7;3;Dem Österreichischen Rundfunk;neutre;;;;
VSG;sigle;VSG;;6;2;eispielsweise vom Verein Schweizerischer Gymnasiallehrerinnen und Gymnasiallehrer;neutre;;;;
SG;sigle;SG;;6;6;Systemische Beraterin;neutre;;;;
EFK;sigle;EFK;;5;2;leistungsschwächen und mangelnder sozialer Reife zwei Jahre die Einführungsklasse;neutre;;;;
SNF;sigle;SNF;;5;5;die im Rahmen des vom Schweizerischen Nationalfonds;neutre;;;;
CI;sigle;CI;;5;2;Das Cochlea-Implantat;neutre;;;;
IFEG;sigle;IFEG;;5;2;zes über die Institutionen zur Förderung der Eingliederung von invaliden Personen;neutre;;;;
ISV;sigle;ISV;;5;2;die neue Interkantonale Spitalschulvereinbarung;neutre;;;;
EAA;sigle;EAA;;5;3;und der European Accessibility Act;neutre;;;;
EA;sigle;EA;;4;2;Die European Agency;neutre;;;;
BASPO;sigle;BASPO;;4;2;Das lab7x1 des Bundesamts für Sport;neutre;;;;
ISB;sigle;ISB;;4;3;Die inklusive Sprachbildung;neutre;;;;
IVG;sigle;IVG;;4;3;Gestützt auf Artikel 74 des Invalidenversicherungsgesetzes;neutre;;;;
UPK;sigle;UPK;;4;2;Universitäre Psychiatrische Kliniken;neutre;;;;
BSFH;sigle;BSFH;;3;2;m Besuch der Berufsfachschule für Lernende mit Hör- und Kommunikationsbehinderung;neutre;;;;
LP;sigle;LP;;3;2;und Lehrpersonen;neutre;;;;
IDB;sigle;IDB;;3;3;Institut für Diversität und inklusive Bildung;neutre;;;;
ZEL;sigle;ZEL;;3;2;Heidelberg;neutre;;;;
CASEL;sigle;CASEL;;3;2;and Emotional Learning;neutre;;;;
VR;sigle;VR;;3;3;Virtual Reality;neutre;;;;
NRW;sigle;NRW;;3;2;wie sonderpädagogische Lehrkräfte im Rhein-Ruhrgebiet;neutre;;;;
SEL;sigle;SEL;;3;2;Bereich der Verhaltensförderung hat sich insbesondere das sozio-emotionale Lernen;neutre;;;;
EPAFF;sigle;EPAFF;;2;2;Erledigung parlamentarische Aufträge im Bereich der frühen Förderung;neutre;;;;
SP;sigle;SP;;2;2;Der Bundesrat wird in einem Postulat von Gabriela Suter;neutre;;;;
HPS;sigle;HPS;;2;2;sche Situation für Kinder mit Behinderungen an der Heilpädagogischen Schule Aarau;neutre;;;;
NFA;sigle;NFA;;2;2;Mit dem Nationalen Finanzausgleich;neutre;;;;
AHVN13;sigle;AHVN13;;2;2;atenbanken des Bundes anhand der Alters- und Hinterbliebenen-Versicherungs-Nummer;neutre;;;;
HUG;sigle;HUG;;2;2;les Hôpitaux universitaires de Genève;neutre;;;;
SODK;sigle;SODK;;2;2;Die Kantonale Konferenz der Sozialdirektorinnen und Sozialdirektoren;neutre;;;;
BSO;sigle;BSO;;2;2;Supervisorin;neutre;;;;
BNE;sigle;BNE;;2;2;Mit der Bildung für eine nachhaltige Entwicklung;neutre;;;;
NMG;sigle;NMG;;2;2;Gesellschaft;neutre;;;;
GDK;sigle;GDK;;2;2;direktoren;neutre;;;;
BAG;sigle;BAG;;2;2;das Bundesamt für Gesundheit;neutre;;;;
SBV;sigle;SBV;;2;2;die Rede von Luana Schena vom Schweizerischen Blinden- und Sehbehindertenverband;neutre;;;;
KT;sigle;KT;;110;20;;neutre;;;;sigle jamais développé dans le corpus
CSPS;sigle;CSPS;;50;35;;neutre;;;;sigle jamais développé dans le corpus
AV1;sigle;AV1;;25;2;;neutre;;;;sigle jamais développé dans le corpus
IDES;sigle;IDES;;24;20;;neutre;;;;sigle jamais développé dans le corpus
UNO;sigle;UNO;;18;10;;neutre;;;;sigle jamais développé dans le corpus
AG;sigle;AG;;11;10;;neutre;;;;sigle jamais développé dans le corpus
PISA;sigle;PISA;;11;7;;neutre;;;;sigle jamais développé dans le corpus
AHV;sigle;AHV;;8;7;;neutre;;;;sigle jamais développé dans le corpus
UNESCO;sigle;UNESCO;;8;7;;neutre;;;;sigle jamais développé dans le corpus
SGB;sigle;SGB;;7;4;;neutre;;;;sigle jamais développé dans le corpus
ADS;sigle;ADS;;7;5;;neutre;;;;sigle jamais développé dans le corpus
FSS;sigle;FSS;;6;3;;neutre;;;;sigle jamais développé dans le corpus
SRF;sigle;SRF;;6;4;;neutre;;;;sigle jamais développé dans le corpus
BELIMA;sigle;BELIMA;;6;2;;neutre;;;;sigle jamais développé dans le corpus
ICF;sigle;ICF;;5;5;;neutre;;;;sigle jamais développé dans le corpus
SPSS;sigle;SPSS;;5;5;;neutre;;;;sigle jamais développé dans le corpus
CAS;sigle;CAS;;5;3;;neutre;;;;sigle jamais développé dans le corpus
EDA;sigle;EDA;;4;4;;neutre;;;;sigle jamais développé dans le corpus
IF;sigle;IF;;4;4;;neutre;;;;sigle jamais développé dans le corpus
QR;sigle;QR;;4;4;;neutre;;;;sigle jamais développé dans le corpus
ICD;sigle;ICD;;4;2;;neutre;;;;sigle jamais développé dans le corpus
ÜGK;sigle;ÜGK;;4;2;;neutre;;;;sigle jamais développé dans le corpus
ARQUIS;sigle;ARQUIS;;4;2;;neutre;;;;sigle jamais développé dans le corpus
ARLA;sigle;ARLA;;4;2;;neutre;;;;sigle jamais développé dans le corpus
DAZ;sigle;DAZ;;3;2;;neutre;;;;sigle jamais développé dans le corpus
ASA;sigle;ASA;;3;2;;neutre;;;;sigle jamais développé dans le corpus
ARD;sigle;ARD;;3;3;;neutre;;;;sigle jamais développé dans le corpus
UR;sigle;UR;;3;3;;neutre;;;;sigle jamais développé dans le corpus
IQ;sigle;IQ;;3;3;;neutre;;;;sigle jamais développé dans le corpus
QAMA;sigle;QAMA;;3;2;;neutre;;;;sigle jamais développé dans le corpus
HES;sigle;HES;;3;3;;neutre;;;;sigle jamais développé dans le corpus
GR;sigle;GR;;3;3;;neutre;;;;sigle jamais développé dans le corpus
TV;sigle;TV;;3;3;;neutre;;;;sigle jamais développé dans le corpus
TREE2;sigle;TREE2;;2;2;;neutre;;;;sigle jamais développé dans le corpus
ZEM;sigle;ZEM;;2;2;;neutre;;;;sigle jamais développé dans le corpus
PC;sigle;PC;;2;2;;neutre;;;;sigle jamais développé dans le corpus
ARGAU;sigle;ARGAU;;2;2;;neutre;;;;sigle jamais développé dans le corpus
SBBK;sigle;SBBK;;2;2;;neutre;;;;sigle jamais développé dans le corpus
IFB;sigle;IFB;;2;2;;neutre;;;;sigle jamais développé dans le corpus
NZZ;sigle;NZZ;;2;2;;neutre;;;;sigle jamais développé dans le corpus
MAE;sigle;MAE;;2;2;;neutre;;;;sigle jamais développé dans le corpus
FSP;sigle;FSP;;2;2;;neutre;;;;sigle jamais développé dans le corpus
MAS;sigle;MAS;;2;2;;neutre;;;;sigle jamais développé dans le corpus
SDQ;sigle;SDQ;;2;2;;neutre;;;;sigle jamais développé dans le corpus
PAT;sigle;PAT;;2;2;;neutre;;;;sigle jamais développé dans le corpus
DSM;sigle;DSM;;2;2;;neutre;;;;sigle jamais développé dans le corpus
GE;sigle;GE;;2;2;;neutre;;;;sigle jamais développé dans le corpus
ÖV;sigle;ÖV;;2;2;;neutre;;;;sigle jamais développé dans le corpus
TEACCH;sigle;TEACCH;;2;2;;neutre;;;;sigle jamais développé dans le corpus
IQSH;sigle;IQSH;;2;2;;neutre;;;;sigle jamais développé dans le corpus
ILIAS;sigle;ILIAS;;2;2;;neutre;;;;sigle jamais développé dans le corpus
ELTE;sigle;ELTE;;2;2;;neutre;;;;sigle jamais développé dans le corpus
FASD;sigle;FASD;;2;2;;neutre;;;;sigle jamais développé dans le corpus
innen;autre;innen;in-nen;1758;174;;a_trancher;;;;trait d'union isolé (allemand) : probable coupure de justification du document source, pas une variante éditoriale — à vérifier avant toute promotion
Menschen;autre;Menschen;men-schen;1303;129;;a_trancher;;;;trait d'union isolé (allemand) : probable coupure de justification du document source, pas une variante éditoriale — à vérifier avant toute promotion
sowie;autre;sowie;so-wie;711;163;;a_trancher;;;;trait d'union isolé (allemand) : probable coupure de justification du document source, pas une variante éditoriale — à vérifier avant toute promotion
Jugendlichen;autre;Jugendlichen;ju-gendlichen;417;67;;a_trancher;;;;trait d'union isolé (allemand) : probable coupure de justification du document source, pas une variante éditoriale — à vérifier avant toute promotion
Entwicklung;autre;Entwicklung;ent-wicklung;404;124;;a_trancher;;;;trait d'union isolé (allemand) : probable coupure de justification du document source, pas une variante éditoriale — à vérifier avant toute promotion
Behinderung;handicap;Behinderung;behin-derung;353;73;;a_trancher;;;;trait d'union isolé (allemand) : probable coupure de justification du document source, pas une variante éditoriale — à vérifier avant toute promotion
Unterricht;ecole;Unterricht;unter-richt;346;100;;a_trancher;;;;trait d'union isolé (allemand) : probable coupure de justification du document source, pas une variante éditoriale — à vérifier avant toute promotion
Massnahmen;methode;Massnahmen;mass-nahmen;339;83;;a_trancher;;;;trait d'union isolé (allemand) : probable coupure de justification du document source, pas une variante éditoriale — à vérifier avant toute promotion
Personen;autre;Personen;per-sonen;316;108;;a_trancher;;;;trait d'union isolé (allemand) : probable coupure de justification du document source, pas une variante éditoriale — à vérifier avant toute promotion
Fachpersonen;autre;Fachpersonen;fach-personen;299;97;;a_trancher;;;;trait d'union isolé (allemand) : probable coupure de justification du document source, pas une variante éditoriale — à vérifier avant toute promotion
Jugendliche;autre;Jugendliche;jugend-liche;270;68;;a_trancher;;;;trait d'union isolé (allemand) : probable coupure de justification du document source, pas une variante éditoriale — à vérifier avant toute promotion
inklusive;autre;inklusive;inklu-sive;270;81;;a_trancher;;;;trait d'union isolé (allemand) : probable coupure de justification du document source, pas une variante éditoriale — à vérifier avant toute promotion
schulischen;ecole;schulischen;schuli-schen;266;88;;a_trancher;;;;trait d'union isolé (allemand) : probable coupure de justification du document source, pas une variante éditoriale — à vérifier avant toute promotion
Herausforderungen;autre;Herausforderungen;heraus-forderungen;250;102;;a_trancher;;;;trait d'union isolé (allemand) : probable coupure de justification du document source, pas une variante éditoriale — à vérifier avant toute promotion
Kommunikation;autre;Kommunikation;kom-munikation|kommuni-kation;249;92;;a_trancher;;;;trait d'union isolé (allemand) : probable coupure de justification du document source, pas une variante éditoriale — à vérifier avant toute promotion
insbesondere;autre;insbesondere;ins-besondere;248;119;;a_trancher;;;;trait d'union isolé (allemand) : probable coupure de justification du document source, pas une variante éditoriale — à vérifier avant toute promotion
verschiedenen;autre;verschiedenen;ver-schiedenen;227;113;;a_trancher;;;;trait d'union isolé (allemand) : probable coupure de justification du document source, pas une variante éditoriale — à vérifier avant toute promotion
leben;autre;leben;le-ben;224;82;;a_trancher;;;;trait d'union isolé (allemand) : probable coupure de justification du document source, pas une variante éditoriale — à vérifier avant toute promotion
Ergebnisse;autre;Ergebnisse;ergeb-nisse;220;88;;a_trancher;;;;trait d'union isolé (allemand) : probable coupure de justification du document source, pas une variante éditoriale — à vérifier avant toute promotion
Erfahrungen;autre;Erfahrungen;erfah-rungen;205;98;;a_trancher;;;;trait d'union isolé (allemand) : probable coupure de justification du document source, pas une variante éditoriale — à vérifier avant toute promotion
ermöglichen;autre;ermöglichen;ermög-lichen|er-möglichen;196;113;;a_trancher;;;;trait d'union isolé (allemand) : probable coupure de justification du document source, pas une variante éditoriale — à vérifier avant toute promotion
gemeinsam;autre;gemeinsam;gemein-sam;193;96;;a_trancher;;;;trait d'union isolé (allemand) : probable coupure de justification du document source, pas une variante éditoriale — à vérifier avant toute promotion
Gesellschaft;autre;Gesellschaft;gesel-lschaft;183;78;;a_trancher;;;;trait d'union isolé (allemand) : probable coupure de justification du document source, pas une variante éditoriale — à vérifier avant toute promotion
eigene;autre;eigene;eige-ne;177;86;;a_trancher;;;;trait d'union isolé (allemand) : probable coupure de justification du document source, pas une variante éditoriale — à vérifier avant toute promotion
Frage;autre;Frage;fra-ge;169;85;;a_trancher;;;;trait d'union isolé (allemand) : probable coupure de justification du document source, pas une variante éditoriale — à vérifier avant toute promotion
erleben;autre;erleben;erle-ben;162;76;;a_trancher;;;;trait d'union isolé (allemand) : probable coupure de justification du document source, pas une variante éditoriale — à vérifier avant toute promotion
führen;autre;führen;füh-ren;154;94;;a_trancher;;;;trait d'union isolé (allemand) : probable coupure de justification du document source, pas une variante éditoriale — à vérifier avant toute promotion
unterschiedlichen;autre;unterschiedlichen;unter-schiedlichen;144;83;;a_trancher;;;;trait d'union isolé (allemand) : probable coupure de justification du document source, pas une variante éditoriale — à vérifier avant toute promotion
beziehungsweise;autre;beziehungsweise;bezie-hungsweise|be-ziehungsweise;143;82;;a_trancher;;;;trait d'union isolé (allemand) : probable coupure de justification du document source, pas une variante éditoriale — à vérifier avant toute promotion
Situationen;autre;Situationen;situa-tionen;143;67;;a_trancher;;;;trait d'union isolé (allemand) : probable coupure de justification du document source, pas une variante éditoriale — à vérifier avant toute promotion
ermöglicht;autre;ermöglicht;ermög-licht;135;86;;a_trancher;;;;trait d'union isolé (allemand) : probable coupure de justification du document source, pas une variante éditoriale — à vérifier avant toute promotion
Möglichkeiten;autre;Möglichkeiten;möglich-keiten;135;78;;a_trancher;;;;trait d'union isolé (allemand) : probable coupure de justification du document source, pas une variante éditoriale — à vérifier avant toute promotion
entwickeln;autre;entwickeln;ent-wickeln;135;83;;a_trancher;;;;trait d'union isolé (allemand) : probable coupure de justification du document source, pas une variante éditoriale — à vérifier avant toute promotion
möglich;autre;möglich;mög-lich;133;82;;a_trancher;;;;trait d'union isolé (allemand) : probable coupure de justification du document source, pas une variante éditoriale — à vérifier avant toute promotion
Beziehung;autre;Beziehung;be-ziehung;132;46;;a_trancher;;;;trait d'union isolé (allemand) : probable coupure de justification du document source, pas une variante éditoriale — à vérifier avant toute promotion
weiter;autre;weiter;wei-ter;131;83;;a_trancher;;;;trait d'union isolé (allemand) : probable coupure de justification du document source, pas une variante éditoriale — à vérifier avant toute promotion
Forschung;autre;Forschung;for-schung;130;64;;a_trancher;;;;trait d'union isolé (allemand) : probable coupure de justification du document source, pas une variante éditoriale — à vérifier avant toute promotion
Bedeutung;autre;Bedeutung;be-deutung;130;90;;a_trancher;;;;trait d'union isolé (allemand) : probable coupure de justification du document source, pas une variante éditoriale — à vérifier avant toute promotion
wieder;autre;wieder;wie-der;127;75;;a_trancher;;;;trait d'union isolé (allemand) : probable coupure de justification du document source, pas une variante éditoriale — à vérifier avant toute promotion
Nachteilsausgleich;autre;Nachteilsausgleich;nachteils-ausgleich;114;21;;a_trancher;;;;trait d'union isolé (allemand) : probable coupure de justification du document source, pas une variante éditoriale — à vérifier avant toute promotion
Pädagogik;autre;Pädagogik;päda-gogik;113;47;;a_trancher;;;;trait d'union isolé (allemand) : probable coupure de justification du document source, pas une variante éditoriale — à vérifier avant toute promotion
politischen;autre;politischen;politi-schen;112;30;;a_trancher;;;;trait d'union isolé (allemand) : probable coupure de justification du document source, pas une variante éditoriale — à vérifier avant toute promotion
Perspektive;autre;Perspektive;perspek-tive;105;63;;a_trancher;;;;trait d'union isolé (allemand) : probable coupure de justification du document source, pas une variante éditoriale — à vérifier avant toute promotion
Selbstbestimmung;autre;Selbstbestimmung;selbst-bestimmung;104;44;;a_trancher;;;;trait d'union isolé (allemand) : probable coupure de justification du document source, pas une variante éditoriale — à vérifier avant toute promotion
Bedingungen;autre;Bedingungen;bedin-gungen;103;53;;a_trancher;;;;trait d'union isolé (allemand) : probable coupure de justification du document source, pas une variante éditoriale — à vérifier avant toute promotion
beruflichen;autre;beruflichen;beruf-lichen;99;42;;a_trancher;;;;trait d'union isolé (allemand) : probable coupure de justification du document source, pas une variante éditoriale — à vérifier avant toute promotion
kommen;autre;kommen;kom-men;96;73;;a_trancher;;;;trait d'union isolé (allemand) : probable coupure de justification du document source, pas une variante éditoriale — à vérifier avant toute promotion
Umfeld;autre;Umfeld;um-feld;94;58;;a_trancher;;;;trait d'union isolé (allemand) : probable coupure de justification du document source, pas une variante éditoriale — à vérifier avant toute promotion
Rahmenbedingungen;autre;Rahmenbedingungen;rahmenbe-dingungen;94;60;;a_trancher;;;;trait d'union isolé (allemand) : probable coupure de justification du document source, pas une variante éditoriale — à vérifier avant toute promotion
Autismus-Spektrum;handicap;Autismus-Spektrum;autismusspektrum|autismus-spek-trum;91;24;;a_trancher;;;;trait d'union isolé (allemand) : probable coupure de justification du document source, pas une variante éditoriale — à vérifier avant toute promotion
anhand;autre;anhand;an-hand;87;57;;a_trancher;;;;trait d'union isolé (allemand) : probable coupure de justification du document source, pas une variante éditoriale — à vérifier avant toute promotion
positive;autre;positive;posi-tive;87;52;;a_trancher;;;;trait d'union isolé (allemand) : probable coupure de justification du document source, pas une variante éditoriale — à vérifier avant toute promotion
Strukturen;autre;Strukturen;struktu-ren;86;51;;a_trancher;;;;trait d'union isolé (allemand) : probable coupure de justification du document source, pas une variante éditoriale — à vérifier avant toute promotion
Studierenden;autre;Studierenden;stu-dierenden|studieren-den;85;14;;a_trancher;;;;trait d'union isolé (allemand) : probable coupure de justification du document source, pas une variante éditoriale — à vérifier avant toute promotion
Vertrauen;autre;Vertrauen;vertrau-en;84;49;;a_trancher;;;;trait d'union isolé (allemand) : probable coupure de justification du document source, pas une variante éditoriale — à vérifier avant toute promotion
Veränderungen;autre;Veränderungen;veränderun-gen;84;49;;a_trancher;;;;trait d'union isolé (allemand) : probable coupure de justification du document source, pas une variante éditoriale — à vérifier avant toute promotion
Herausforderung;autre;Herausforderung;heraus-forderung;83;51;;a_trancher;;;;trait d'union isolé (allemand) : probable coupure de justification du document source, pas une variante éditoriale — à vérifier avant toute promotion
miteinander;autre;miteinander;mit-einander;81;58;;a_trancher;;;;trait d'union isolé (allemand) : probable coupure de justification du document source, pas une variante éditoriale — à vérifier avant toute promotion
begleiten;autre;begleiten;beglei-ten|be-gleiten;79;53;;a_trancher;;;;trait d'union isolé (allemand) : probable coupure de justification du document source, pas une variante éditoriale — à vérifier avant toute promotion
Mutter;autre;Mutter;mut-ter;79;22;;a_trancher;;;;trait d'union isolé (allemand) : probable coupure de justification du document source, pas une variante éditoriale — à vérifier avant toute promotion
Arbeitsmarkt;autre;Arbeitsmarkt;arbeits-markt;78;20;;a_trancher;;;;trait d'union isolé (allemand) : probable coupure de justification du document source, pas une variante éditoriale — à vérifier avant toute promotion
Zusammenhang;autre;Zusammenhang;zu-sammenhang;78;60;;a_trancher;;;;trait d'union isolé (allemand) : probable coupure de justification du document source, pas une variante éditoriale — à vérifier avant toute promotion
gemeinsamen;autre;gemeinsamen;ge-meinsamen;78;45;;a_trancher;;;;trait d'union isolé (allemand) : probable coupure de justification du document source, pas une variante éditoriale — à vérifier avant toute promotion
Diagnostik;autre;Diagnostik;dia-gnostik;78;30;;a_trancher;;;;trait d'union isolé (allemand) : probable coupure de justification du document source, pas une variante éditoriale — à vérifier avant toute promotion
beschreibt;autre;beschreibt;be-schreibt;76;57;;a_trancher;;;;trait d'union isolé (allemand) : probable coupure de justification du document source, pas une variante éditoriale — à vérifier avant toute promotion
zweiten;autre;zweiten;zwei-ten;72;43;;a_trancher;;;;trait d'union isolé (allemand) : probable coupure de justification du document source, pas une variante éditoriale — à vérifier avant toute promotion
Zugehörigkeit;autre;Zugehörigkeit;zugehö-rigkeit;71;19;;a_trancher;;;;trait d'union isolé (allemand) : probable coupure de justification du document source, pas une variante éditoriale — à vérifier avant toute promotion
heilpädagogischen;autre;heilpädagogischen;heilpädago-gischen;70;29;;a_trancher;;;;trait d'union isolé (allemand) : probable coupure de justification du document source, pas une variante éditoriale — à vérifier avant toute promotion
Erkenntnisse;autre;Erkenntnisse;erkennt-nisse;70;52;;a_trancher;;;;trait d'union isolé (allemand) : probable coupure de justification du document source, pas une variante éditoriale — à vérifier avant toute promotion
Hochschulen;ecole;Hochschulen;hoch-schulen;68;23;;a_trancher;;;;trait d'union isolé (allemand) : probable coupure de justification du document source, pas une variante éditoriale — à vérifier avant toute promotion
international;autre;international;inter-national;68;33;;a_trancher;;;;trait d'union isolé (allemand) : probable coupure de justification du document source, pas une variante éditoriale — à vérifier avant toute promotion
psychischen;autre;psychischen;psychi-schen;67;33;;a_trancher;;;;trait d'union isolé (allemand) : probable coupure de justification du document source, pas une variante éditoriale — à vérifier avant toute promotion
beeinflussen;autre;beeinflussen;beeinflus-sen;67;46;;a_trancher;;;;trait d'union isolé (allemand) : probable coupure de justification du document source, pas une variante éditoriale — à vérifier avant toute promotion
allerdings;autre;allerdings;aller-dings;67;45;;a_trancher;;;;trait d'union isolé (allemand) : probable coupure de justification du document source, pas une variante éditoriale — à vérifier avant toute promotion
zunehmend;autre;zunehmend;zu-nehmend;61;47;;a_trancher;;;;trait d'union isolé (allemand) : probable coupure de justification du document source, pas une variante éditoriale — à vérifier avant toute promotion
Verhaltensweisen;autre;Verhaltensweisen;verhal-tensweisen|ver-haltensweisen;60;36;;a_trancher;;;;trait d'union isolé (allemand) : probable coupure de justification du document source, pas une variante éditoriale — à vérifier avant toute promotion
notwendig;autre;notwendig;not-wendig;59;47;;a_trancher;;;;trait d'union isolé (allemand) : probable coupure de justification du document source, pas une variante éditoriale — à vérifier avant toute promotion
Erwachsenen;autre;Erwachsenen;erwach-senen;57;33;;a_trancher;;;;trait d'union isolé (allemand) : probable coupure de justification du document source, pas une variante éditoriale — à vérifier avant toute promotion
Antworten;autre;Antworten;ant-worten;56;40;;a_trancher;;;;trait d'union isolé (allemand) : probable coupure de justification du document source, pas une variante éditoriale — à vérifier avant toute promotion
zunächst;autre;zunächst;zu-nächst;55;39;;a_trancher;;;;trait d'union isolé (allemand) : probable coupure de justification du document source, pas une variante éditoriale — à vérifier avant toute promotion
betroffene;autre;betroffene;betrof-fene;54;29;;a_trancher;;;;trait d'union isolé (allemand) : probable coupure de justification du document source, pas une variante éditoriale — à vérifier avant toute promotion
vielfältige;autre;vielfältige;viel-fältige;54;37;;a_trancher;;;;trait d'union isolé (allemand) : probable coupure de justification du document source, pas une variante éditoriale — à vérifier avant toute promotion
profitieren;autre;profitieren;profi-tieren;54;39;;a_trancher;;;;trait d'union isolé (allemand) : probable coupure de justification du document source, pas une variante éditoriale — à vérifier avant toute promotion
wissenschaftliche;autre;wissenschaftliche;wissen-schaftliche;54;44;;a_trancher;;;;trait d'union isolé (allemand) : probable coupure de justification du document source, pas une variante éditoriale — à vérifier avant toute promotion
mögliche;autre;mögliche;mög-liche;52;34;;a_trancher;;;;trait d'union isolé (allemand) : probable coupure de justification du document source, pas une variante éditoriale — à vérifier avant toute promotion
Voraussetzung;autre;Voraussetzung;voraus-setzung;50;37;;a_trancher;;;;trait d'union isolé (allemand) : probable coupure de justification du document source, pas une variante éditoriale — à vérifier avant toute promotion
unserer;autre;unserer;unse-rer;50;36;;a_trancher;;;;trait d'union isolé (allemand) : probable coupure de justification du document source, pas une variante éditoriale — à vérifier avant toute promotion
wichtiger;autre;wichtiger;wich-tiger;49;40;;a_trancher;;;;trait d'union isolé (allemand) : probable coupure de justification du document source, pas une variante éditoriale — à vérifier avant toute promotion
Regelschule;ecole;Regelschule;regel-schule;49;27;;a_trancher;;;;trait d'union isolé (allemand) : probable coupure de justification du document source, pas une variante éditoriale — à vérifier avant toute promotion
zahlreiche;autre;zahlreiche;zahl-reiche;49;38;;a_trancher;;;;trait d'union isolé (allemand) : probable coupure de justification du document source, pas une variante éditoriale — à vérifier avant toute promotion
erfolgreich;autre;erfolgreich;erfolg-reich;49;39;;a_trancher;;;;trait d'union isolé (allemand) : probable coupure de justification du document source, pas une variante éditoriale — à vérifier avant toute promotion
nachhaltig;autre;nachhaltig;nach-haltig;49;37;;a_trancher;;;;trait d'union isolé (allemand) : probable coupure de justification du document source, pas une variante éditoriale — à vérifier avant toute promotion
Anerkennung;autre;Anerkennung;an-erkennung;49;28;;a_trancher;;;;trait d'union isolé (allemand) : probable coupure de justification du document source, pas une variante éditoriale — à vérifier avant toute promotion
persönlichen;autre;persönlichen;persön-lichen;48;40;;a_trancher;;;;trait d'union isolé (allemand) : probable coupure de justification du document source, pas une variante éditoriale — à vérifier avant toute promotion
Diskriminierung;autre;Diskriminierung;diskri-minierung;48;28;;a_trancher;;;;trait d'union isolé (allemand) : probable coupure de justification du document source, pas une variante éditoriale — à vérifier avant toute promotion
konfrontiert;autre;konfrontiert;kon-frontiert;47;34;;a_trancher;;;;trait d'union isolé (allemand) : probable coupure de justification du document source, pas une variante éditoriale — à vérifier avant toute promotion
Forschungsprojekte;autre;Forschungsprojekte;forschungs-projekte;47;23;;a_trancher;;;;trait d'union isolé (allemand) : probable coupure de justification du document source, pas une variante éditoriale — à vérifier avant toute promotion
Digitalisierung;autre;Digitalisierung;digitalisie-rung;46;22;;a_trancher;;;;trait d'union isolé (allemand) : probable coupure de justification du document source, pas une variante éditoriale — à vérifier avant toute promotion
bekannt;autre;bekannt;be-kannt;46;31;;a_trancher;;;;trait d'union isolé (allemand) : probable coupure de justification du document source, pas une variante éditoriale — à vérifier avant toute promotion
wahrgenommen;autre;wahrgenommen;wahrgenom-men|wahr-genommen;45;37;;a_trancher;;;;trait d'union isolé (allemand) : probable coupure de justification du document source, pas une variante éditoriale — à vérifier avant toute promotion
Einschränkungen;autre;Einschränkungen;einschrän-kungen;44;24;;a_trancher;;;;trait d'union isolé (allemand) : probable coupure de justification du document source, pas une variante éditoriale — à vérifier avant toute promotion
Dimensionen;autre;Dimensionen;dimen-sionen;44;30;;a_trancher;;;;trait d'union isolé (allemand) : probable coupure de justification du document source, pas une variante éditoriale — à vérifier avant toute promotion
vermittelt;autre;vermittelt;ver-mittelt;43;33;;a_trancher;;;;trait d'union isolé (allemand) : probable coupure de justification du document source, pas une variante éditoriale — à vérifier avant toute promotion
Ausdruck;autre;Ausdruck;aus-druck;43;28;;a_trancher;;;;trait d'union isolé (allemand) : probable coupure de justification du document source, pas une variante éditoriale — à vérifier avant toute promotion
Behindertenrechtskonvention;handicap;Behindertenrechtskonvention;behindertenrechtskon-vention;42;37;;a_trancher;;;;trait d'union isolé (allemand) : probable coupure de justification du document source, pas une variante éditoriale — à vérifier avant toute promotion
angewiesen;autre;angewiesen;ange-wiesen;42;34;;a_trancher;;;;trait d'union isolé (allemand) : probable coupure de justification du document source, pas une variante éditoriale — à vérifier avant toute promotion
Diagnose;autre;Diagnose;dia-gnose|diag-nose;42;30;;a_trancher;;;;trait d'union isolé (allemand) : probable coupure de justification du document source, pas une variante éditoriale — à vérifier avant toute promotion
Einschätzung;autre;Einschätzung;einschät-zung;42;22;;a_trancher;;;;trait d'union isolé (allemand) : probable coupure de justification du document source, pas une variante éditoriale — à vérifier avant toute promotion
Empfehlungen;autre;Empfehlungen;emp-fehlungen;41;27;;a_trancher;;;;trait d'union isolé (allemand) : probable coupure de justification du document source, pas une variante éditoriale — à vérifier avant toute promotion
Früherziehung;autre;Früherziehung;früherzie-hung;41;13;;a_trancher;;;;trait d'union isolé (allemand) : probable coupure de justification du document source, pas une variante éditoriale — à vérifier avant toute promotion
Beispiele;autre;Beispiele;bei-spiele;40;31;;a_trancher;;;;trait d'union isolé (allemand) : probable coupure de justification du document source, pas une variante éditoriale — à vérifier avant toute promotion
brauchen;autre;brauchen;brau-chen;40;31;;a_trancher;;;;trait d'union isolé (allemand) : probable coupure de justification du document source, pas une variante éditoriale — à vérifier avant toute promotion
einerseits;autre;einerseits;einer-seits;39;34;;a_trancher;;;;trait d'union isolé (allemand) : probable coupure de justification du document source, pas une variante éditoriale — à vérifier avant toute promotion
multiprofessionellen;autre;multiprofessionellen;multi-professionellen;39;17;;a_trancher;;;;trait d'union isolé (allemand) : probable coupure de justification du document source, pas une variante éditoriale — à vérifier avant toute promotion
spezifischen;autre;spezifischen;spe-zifischen;38;31;;a_trancher;;;;trait d'union isolé (allemand) : probable coupure de justification du document source, pas une variante éditoriale — à vérifier avant toute promotion
Lernprozesse;autre;Lernprozesse;lern-prozesse;38;29;;a_trancher;;;;trait d'union isolé (allemand) : probable coupure de justification du document source, pas une variante éditoriale — à vérifier avant toute promotion
Berufsgruppen;autre;Berufsgruppen;berufs-gruppen;38;12;;a_trancher;;;;trait d'union isolé (allemand) : probable coupure de justification du document source, pas une variante éditoriale — à vérifier avant toute promotion
komplexe;autre;komplexe;kom-plexe;37;31;;a_trancher;;;;trait d'union isolé (allemand) : probable coupure de justification du document source, pas une variante éditoriale — à vérifier avant toute promotion
Organisationen;autre;Organisationen;organisa-tionen;37;28;;a_trancher;;;;trait d'union isolé (allemand) : probable coupure de justification du document source, pas une variante éditoriale — à vérifier avant toute promotion
orientieren;autre;orientieren;orien-tieren;37;28;;a_trancher;;;;trait d'union isolé (allemand) : probable coupure de justification du document source, pas une variante éditoriale — à vérifier avant toute promotion
bewegen;autre;bewegen;bewe-gen|be-wegen;36;22;;a_trancher;;;;trait d'union isolé (allemand) : probable coupure de justification du document source, pas une variante éditoriale — à vérifier avant toute promotion
Chancengleichheit;autre;Chancengleichheit;chancen-gleichheit;36;23;;a_trancher;;;;trait d'union isolé (allemand) : probable coupure de justification du document source, pas une variante éditoriale — à vérifier avant toute promotion
herausfordernden;autre;herausfordernden;heraus-fordernden;36;15;;a_trancher;;;;trait d'union isolé (allemand) : probable coupure de justification du document source, pas une variante éditoriale — à vérifier avant toute promotion
Stimme;autre;Stimme;stim-me;35;23;;a_trancher;;;;trait d'union isolé (allemand) : probable coupure de justification du document source, pas une variante éditoriale — à vérifier avant toute promotion
möchten;autre;möchten;möch-ten;34;26;;a_trancher;;;;trait d'union isolé (allemand) : probable coupure de justification du document source, pas une variante éditoriale — à vérifier avant toute promotion
Auswertung;autre;Auswertung;auswer-tung;33;16;;a_trancher;;;;trait d'union isolé (allemand) : probable coupure de justification du document source, pas une variante éditoriale — à vérifier avant toute promotion
beobachten;autre;beobachten;beob-achten;33;27;;a_trancher;;;;trait d'union isolé (allemand) : probable coupure de justification du document source, pas une variante éditoriale — à vérifier avant toute promotion
entwickelte;autre;entwickelte;ent-wickelte;33;29;;a_trancher;;;;trait d'union isolé (allemand) : probable coupure de justification du document source, pas une variante éditoriale — à vérifier avant toute promotion
allgemeinen;autre;allgemeinen;allge-meinen;32;22;;a_trancher;;;;trait d'union isolé (allemand) : probable coupure de justification du document source, pas une variante éditoriale — à vérifier avant toute promotion
aufzubauen;autre;aufzubauen;aufzu-bauen;32;26;;a_trancher;;;;trait d'union isolé (allemand) : probable coupure de justification du document source, pas une variante éditoriale — à vérifier avant toute promotion
richtig;autre;richtig;rich-tig;31;21;;a_trancher;;;;trait d'union isolé (allemand) : probable coupure de justification du document source, pas une variante éditoriale — à vérifier avant toute promotion
erläutert;autre;erläutert;erläu-tert;31;25;;a_trancher;;;;trait d'union isolé (allemand) : probable coupure de justification du document source, pas une variante éditoriale — à vérifier avant toute promotion
Reintegration;autre;Reintegration;re-integration;31;8;;a_trancher;;;;trait d'union isolé (allemand) : probable coupure de justification du document source, pas une variante éditoriale — à vérifier avant toute promotion
diagnostische;autre;diagnostische;diagnos-tische;31;14;;a_trancher;;;;trait d'union isolé (allemand) : probable coupure de justification du document source, pas une variante éditoriale — à vérifier avant toute promotion
Überblick;autre;Überblick;über-blick;30;23;;a_trancher;;;;trait d'union isolé (allemand) : probable coupure de justification du document source, pas une variante éditoriale — à vérifier avant toute promotion
Autorin;autre;Autorin;au-torin;30;18;;a_trancher;;;;trait d'union isolé (allemand) : probable coupure de justification du document source, pas une variante éditoriale — à vérifier avant toute promotion
Betreuungspersonen;autre;Betreuungspersonen;betreuungs-personen;30;11;;a_trancher;;;;trait d'union isolé (allemand) : probable coupure de justification du document source, pas une variante éditoriale — à vérifier avant toute promotion
theoretischen;autre;theoretischen;theo-retischen|theore-tischen;29;23;;a_trancher;;;;trait d'union isolé (allemand) : probable coupure de justification du document source, pas une variante éditoriale — à vérifier avant toute promotion
Gebärdensprache;autre;Gebärdensprache;gebärden-sprache;28;16;;a_trancher;;;;trait d'union isolé (allemand) : probable coupure de justification du document source, pas une variante éditoriale — à vérifier avant toute promotion
wesentlich;autre;wesentlich;wesent-lich;28;25;;a_trancher;;;;trait d'union isolé (allemand) : probable coupure de justification du document source, pas une variante éditoriale — à vérifier avant toute promotion
ganzen;autre;ganzen;gan-zen;28;24;;a_trancher;;;;trait d'union isolé (allemand) : probable coupure de justification du document source, pas une variante éditoriale — à vérifier avant toute promotion
komplexer;autre;komplexer;komple-xer;28;17;;a_trancher;;;;trait d'union isolé (allemand) : probable coupure de justification du document source, pas une variante éditoriale — à vérifier avant toute promotion
Gemeinschaft;autre;Gemeinschaft;ge-meinschaft;28;17;;a_trancher;;;;trait d'union isolé (allemand) : probable coupure de justification du document source, pas une variante éditoriale — à vérifier avant toute promotion
Konsequenzen;autre;Konsequenzen;konse-quenzen;28;21;;a_trancher;;;;trait d'union isolé (allemand) : probable coupure de justification du document source, pas une variante éditoriale — à vérifier avant toute promotion
Diskussionen;autre;Diskussionen;diskus-sionen;27;18;;a_trancher;;;;trait d'union isolé (allemand) : probable coupure de justification du document source, pas une variante éditoriale — à vérifier avant toute promotion
behandelt;autre;behandelt;be-handelt;27;25;;a_trancher;;;;trait d'union isolé (allemand) : probable coupure de justification du document source, pas une variante éditoriale — à vérifier avant toute promotion
Hause;autre;Hause;hau-se;27;21;;a_trancher;;;;trait d'union isolé (allemand) : probable coupure de justification du document source, pas une variante éditoriale — à vérifier avant toute promotion
Psychologie;autre;Psychologie;psy-chologie;27;19;;a_trancher;;;;trait d'union isolé (allemand) : probable coupure de justification du document source, pas une variante éditoriale — à vérifier avant toute promotion
Beteiligung;autre;Beteiligung;betei-ligung;24;18;;a_trancher;;;;trait d'union isolé (allemand) : probable coupure de justification du document source, pas une variante éditoriale — à vérifier avant toute promotion
entstanden;autre;entstanden;ent-standen;23;19;;a_trancher;;;;trait d'union isolé (allemand) : probable coupure de justification du document source, pas une variante éditoriale — à vérifier avant toute promotion
schüler:innen;ecole;schüler:innen;schülerinnen und schüler;0;0;;a_trancher;brief 21.09.2026;;;synonymes cités par le brief, non comptés automatiquement
aus;autre;aus;;1056;184;;neutre;;Die Ausbildungssituation der Jugendlichen auf der Sekundarstufe II ist eng mit deren sozialer Herkunft verknüpft.;So wurde etwa im Rahmen der TREE2-Studie festgestellt, dass sich rund ein Drittel der Schüler:innen aus Elternhäusern mit niedrigem Bildungsniveau und/oder tiefem sozio-ökonomischem Status im ersten nachobligatorischen Jahr in Zwischenlösungen befand oder ausbildungslos war (Keller et al., 2010).;
Schüler;ecole;Schüler;;945;110;;neutre;;So wurde etwa im Rahmen der TREE2-Studie festgestellt, dass sich rund ein Drittel der Schüler:innen aus Elternhäusern mit niedrigem Bildungsniveau und/oder tiefem sozio-ökonomischem Status im ersten nachobligatorischen Jahr in Zwischenlösungen befand oder ausbildungslos war (Keller et al., 2010).;Zusätzlich haben Schüler:innen der integrierten Sonderschule in der Regel ein Anrecht auf Unterstützung durch die Invalidenversicherung (IV).;
et;autre;et;;896;148;;neutre;;So wurde etwa im Rahmen der TREE2-Studie festgestellt, dass sich rund ein Drittel der Schüler:innen aus Elternhäusern mit niedrigem Bildungsniveau und/oder tiefem sozio-ökonomischem Status im ersten nachobligatorischen Jahr in Zwischenlösungen befand oder ausbildungslos war (Keller et al., 2010).;So werden gemäss Häfeli et al. (2014) oftmals Risiken und Defizite gesehen statt Schutzfaktoren und Ressourcen.;
Kinder;autre;Kinder;;848;117;;neutre;;Bei vielen Jugendlichen des besonderen Volksschulangebots können die Eltern ihre Kinder nicht ausreichend unterstützen.;Zudem nehmen die Eltern eine zentrale Rolle im Berufswahlprozess ihrer Kinder ein.;
al;autre;al;;811;135;;neutre;;Die Ausbildungssituation der Jugendlichen auf der Sekundarstufe II ist eng mit deren sozialer Herkunft verknüpft.;So werden gemäss Häfeli et al. (2014) oftmals Risiken und Defizite gesehen statt Schutzfaktoren und Ressourcen.;
et al;autre;et al;;807;134;;neutre;;So wurde etwa im Rahmen der TREE2-Studie festgestellt, dass sich rund ein Drittel der Schüler:innen aus Elternhäusern mit niedrigem Bildungsniveau und/oder tiefem sozio-ökonomischem Status im ersten nachobligatorischen Jahr in Zwischenlösungen befand oder ausbildungslos war (Keller et al., 2010).;So werden gemäss Häfeli et al. (2014) oftmals Risiken und Defizite gesehen statt Schutzfaktoren und Ressourcen.;
Schule;ecole;Schule;;743;128;;neutre;;Zusätzlich haben Schüler:innen der integrierten Sonderschule in der Regel ein Anrecht auf Unterstützung durch die Invalidenversicherung (IV).;Die unterstützenden Akteur:innen haben unterschiedliche Aufträge: Die Schule bietet Berufswahlunterricht an und unterstützt die Jugendlichen beim Erstellen der Bewerbungsunterlagen.;
Behinderungen;handicap;Behinderungen;;693;80;;neutre;;Aus dem Schattenbericht von Inclusion Handicap (2017) geht hervor, dass Jugendliche mit Behinderungen in der Schweiz bereits beim Zugang zur Berufsbildung mit zahlreichen, teils schweren Benachteiligungen konfrontiert sind.;So sind Arbeitgebende aus Angst vor Problemen im Team und wegen des erwarteten Betreuungsaufwandes selten motiviert, Menschen mit Behinderungen neu einzustellen (Inclusion Handicap, 2017).;
Lehrpersonen;ecole;Lehrpersonen;;622;105;;neutre;;Da die Eltern und die Lehrpersonen am regelmässigsten mit den Jugendlichen in Kontakt stehen, ist hier die Hürde wahrscheinlich am kleinsten, sich Unterstützung zu holen.;Besonders wichtig ist es, dass die Lehrpersonen (Schulische Heilpädagog:in und Klassenlehrperson) in engem Austausch mit der IV und dem Case Management stehen und dass sie diesen Institutionen keine relevanten Informationen vorenthalten.;
Eltern;autre;Eltern;;594;84;;neutre;;Im Berufswahlprozess liegt die Hauptverantwortung bei den Jugendlichen und ihren Eltern.;Bei vielen Jugendlichen des besonderen Volksschulangebots können die Eltern ihre Kinder nicht ausreichend unterstützen.;
vor;autre;vor;;575;165;;neutre;;Als Lehrpersonen und Schulische Heilpädagog:innen stehen wir jedoch fast täglich in unmittelbarem Austausch mit den Jugendlichen mit besonderem Bildungsbedarf und haben damit gegenüber anderen Fachstellen einen zentralen Vorteil.;Zudem beschreibt der Bericht, wie Jugendliche mit Gehörlosigkeit oder einer Hörbehinderung vor und während der beruflichen Grundbildung unterstützt werden und was das Umfeld tun kann.;
vom;autre;vom;;537;101;;neutre;;Der Berufswahlprozess findet vom 9. bis zum 11.;Auch der Inklusionsindex von Pro Infirmis (2023) zeigt, dass sich rund die Hälfte aller Menschen mit Behinderungen vom ersten Arbeitsmarkt[1] ausgeschlossen fühlt.;
dies;autre;dies;;528;156;;neutre;;Falls Lernende die besondere Volksschule integrativ besuchen und in ein Berufsfindungs- oder Brückenangebot der besonderen Volksschule übertreten, ist die Regelschule in der Verantwortung, dies zu organisieren.;Wenn viele verschiedene Akteur:innen am Berufswahlprozess beteiligt sind, kann dies für betroffene Jugendliche herausfordernd sein, denn es besteht die Gefahr, den Überblick zu verlieren.;
ch;autre;ch;;501;162;;neutre;;-   Ermutigen und unterstützen Sie die Jugendlichen beim Organisieren von Schnupperlehren und beim Schreiben von Bewerbungen.;Nützliche Informationen finden die Jugendlichen zum Beispiel unter berufsberatung.ch oder yousty.ch.;
lernen;ecole;lernen;;486;121;;neutre;;Eidgenössische Berufsatteste und Fähigkeitszeugnisse bilden die Basis für lebenslanges Lernen und eröffnen vielfältige berufliche Perspektiven.;Oder sie lernen die Merkmale der unterschiedlichen eidgenössisch anerkannten Ausbildungen wie Eidgenössisches Berufsattest (EBA) und Eidgenössisches Fähigkeitszeugnis (EFZ) kennen.;
Schweiz;autre;Schweiz;;484;99;;neutre;;Die Schweizer Berufsbildung bietet mit ihren rund 250 Abschlüssen der beruflichen Grundbildung eine grosse Auswahl an Berufen beziehungsweise Lehrstellen, mit denen Jugendliche ins Berufsleben starten können.;Aus dem Schattenbericht von Inclusion Handicap (2017) geht hervor, dass Jugendliche mit Behinderungen in der Schweiz bereits beim Zugang zur Berufsbildung mit zahlreichen, teils schweren Benachteiligungen konfrontiert sind.;
Bildung;autre;Bildung;;459;106;;neutre;;Der erfolgreiche Übertritt von Jugendlichen von der obligatorischen Schulzeit in die nachobligatorische Bildung ist ein wichtiger Schritt auf dem Weg zur aktiven Teilhabe an der Gesellschaft.;Im Kanton Bern gibt es mehrere Fachstellen, welche Lernende der besonderen Volksschule auf ihrem Weg in die nachobligatorische Bildung begleiten.;
was;autre;was;;448;153;;neutre;;Zudem beschreibt der Bericht, wie Jugendliche mit Gehörlosigkeit oder einer Hörbehinderung vor und während der beruflichen Grundbildung unterstützt werden und was das Umfeld tun kann.;Sie beschreiben, was zu Beginn, während und nach erfolgreichem Abschluss einer beruflichen Grundbildung zu beachten ist.;
Heilpädagogik;autre;Heilpädagogik;;447;167;;neutre;;Schweizerische Zeitschrift für Heilpädagogik, Jg.;Es folgen die personellen Unterstützungsangebote Lerncoaching (33 %), Schulsozialarbeit (19 %), Schulische Heilpädagogik (9 %) und Klassenassistenz (5 %).;
dabei;autre;dabei;;446;153;;neutre;;Der oder die begleitende schulische Heilpädagog:in kann dabei ebenfalls eine wichtige Unterstützungsfunktion einnehmen.;Wichtig ist, im Einzelfall das jeweils beste Vorgehen und Angebot zu finden und dabei die vorhandenen Instrumente optimal zu nutzen.;
ich;autre;ich;;441;76;;neutre;;Im ersten Arbeitsmarkt fühle ich mich viel selbstbewusster.;Mir ist es sehr wichtig, dass ich auf meinen eigenen Beinen stehen kann.;
sondern;autre;sondern;;422;142;;neutre;;Jugendliche mit Behinderungen müssen nicht nur den ohnehin schon anspruchsvollen Übergang in die Berufswelt meistern, sondern auch zusätzliche Barrieren überwinden.;Es ist jedoch anzunehmen, dass das Zeugnis der Sonderschule eine stigmatisierende Wirkung hatte, da es keine Noten, sondern einen Lernbericht enthält.;
Lernenden;ecole;Lernenden;;411;83;;neutre;;Bei Lernenden der besonderen Volksschule kann die Sonderschulung zudem bis zum 20.;Die Masterarbeit der Erstautorin soll dazu beitragen, die interinstitutionelle Zusammenarbeit zu verbessern und durch das erworbene Wissen den Lernenden der besonderen Volksschule eine optimale Unterstützung während des Übergangs in die nachobligatorische Bildung zu bieten.[1];
Kindern;autre;Kindern;;388;92;;neutre;;Die Stiftung Lerchenbühl in Burgdorf bietet Kindern und Jugendlichen mit besonderen Bedürfnissen ein vielfältiges Angebot: Schule, Berufsvorbereitung, interne und externe Ausbildungen auf allen Ausbildungsniveaus, Coaching und Wohnen.;Autismus-Spektrum-Störungen bei Kindern – Gemeinsame Finanzierung der Frühintervention durch IV und Kantone sicherstellen;
https;autre;https;;383;37;;neutre;;Tecklenburg (Hrsg.), Wörterbuch der Schweizer Sozialpolitik. https://www.seismoverlag.ch/de/daten-woerterbuch/berufsbildung-fur-menschen-mit-behinderung;Schweizerische Zeitschrift für Heilpädagogik,29 (1), 36–42. https://doi.org/10.57161/z2023-01-06;
Unterstützung;autre;Unterstützung;;382;128;;neutre;;Für Personen mit einem besonderen Bildungsbedarf stehen Angebote wie die Berufliche Grundbildung mit Unterstützung der IV oder die Praktische Ausbildung nach INSOS zur Verfügung.;Damit die Unterstützung optimal gelingt, ist es für Schulische Heilpädagog:innen hilfreich, die Aufgaben der verschiedenen Fachstellen zu kennen und sich mit Gelingensbedingungen der interinstitutionellen Zusammenarbeit auseinanderzusetzen.;
de;autre;de;;380;61;;neutre;;Berufsbildung für Menschen mit Behinderung.;Eine Grounded Theory Studie im Längsschnitt.;
Inklusion;autre;Inklusion;;371;80;;neutre;;Dabei steht folgende Frage im Zentrum: Welche Rahmenbedingungen müssen gegeben sein, damit die Inklusion in den ersten Arbeitsmarkt gelingen kann?;Vielmehr sind Jugendliche mit Behinderungen auf Unternehmen angewiesen, die Inklusion fördern und auf ihre Ressourcen und Fähigkeiten setzen.;
Teilhabe;autre;Teilhabe;;367;92;;neutre;;Der erfolgreiche Übertritt von Jugendlichen von der obligatorischen Schulzeit in die nachobligatorische Bildung ist ein wichtiger Schritt auf dem Weg zur aktiven Teilhabe an der Gesellschaft.;Digitale Teilhabe von Lernenden mit Beeinträchtigungen in der Berufsbildung.;
ihrer;autre;ihrer;;353;132;;neutre;;Viele Lernende des besonderen Volksschulangebots, sei dieses integrativ oder separativ, gehören aufgrund ihrer Herkunft mindestens einer der genannten Gruppen an und haben somit ein erhöhtes Risiko, über die erste Schwelle zu stolpern.;Diese Komplexität ergibt sich unter anderem aus den unterschiedlichen Sozialisationserfahrungen und der Art und Weise ihrer Kommunikation.;
jedoch;autre;jedoch;;349;145;;neutre;;Häufig ist hierfür jedoch die Unterstützung durch die Schule notwendig.;Ein Grund dafür ist, dass alle Akteur:innen ihre eigenen Aufträge haben, jedoch haben sie häufig zu wenig Einblick in die Aufträge oder das Fachgebiet der anderen Stellen.;
Kind;autre;Kind;;349;63;;neutre;;Sie muss eine wohlwollende Beziehung zu jedem Kind aufbauen, Sicherheit vermitteln – auch gegenüber den Eltern – und über ein grosses didaktisches Repertoire verfügen.;Beispielsweise wirkt es exkludierend, wenn immer das gleiche Kind mit der Klassenassistenz nochmals etwas anschauen muss.;
zeigt;autre;zeigt;;343;143;;neutre;;Neben dem Berufsbildungssystem zeigt sich auch die Welt der Menschen mit Gehörlosigkeit oder einer Hörbehinderung komplex.;Zusammenfassend zeigt sich, dass in der Berufsbildung auf der Basis der bestehenden Gesetzgebung ein vielfältiges Instrumentarium an Massnahmen und Unterstützungsangeboten für Jugendliche und Erwachsene mit Gehörlosigkeit oder einer Hörbehinderung sowie Unternehmen besteht.;
zeigen;autre;zeigen;;326;133;;neutre;;Eigene Erfahrungen mit Fachpersonen der IV und des BIZ (Berufsberatungs- und Informationszentren) zeigen, dass die Kooperation zwischen den Fachstellen häufig schwierig ist.;Unsere Erfahrungen in der Stiftung MyHandicap zeigen, dass Menschen mit Behinderungen häufig von Stigmatisierungen betroffen sind.;
Schulen;ecole;Schulen;;322;90;;neutre;;Diese reichen von weiterführenden Schulen (z.;Ein weiterer Schritt wäre die Implementierung solcher Vereinbarungen zwischen Schulen und der IV respektive dem Case Management Berufsbildung, beispielsweise in Form von Checklisten mit den Zuständigkeiten der einzelnen Stellen.;
dazu;autre;dazu;;322;143;;neutre;;Die Masterarbeit der Erstautorin soll dazu beitragen, die interinstitutionelle Zusammenarbeit zu verbessern und durch das erworbene Wissen den Lernenden der besonderen Volksschule eine optimale Unterstützung während des Übergangs in die nachobligatorische Bildung zu bieten.[1];Dies führt dazu, dass Informationen vonseiten der Jugendlichen mit grosser Wahrscheinlichkeit eher in die Schule gelangen als zu anderen Fachstellen.;
Förderung;autre;Förderung;;318;99;;neutre;;Deshalb nehmen Unternehmen und insbesondere Lehrbetriebe eine Schlüsselrolle ein bei der Gewinnung, Förderung und Bindung von Menschen mit Behinderungen.;Empfehlung 3: Wir empfehlen, dass jede Schule eine beziehungsweise mehrere Fachpersonen mit einer spezifischen Expertise zur schulischen Förderung von Lernenden im Autismus-Spektrum ausstattet.;
zudem;autre;zudem;;314;146;;neutre;;Bei Lernenden der besonderen Volksschule kann die Sonderschulung zudem bis zum 20.;Während oder nach dem Abschluss einer beruflichen Grundbildung mit EFZ kann zudem eine Berufsmaturität erworben werden.;
Kompetenzen;autre;Kompetenzen;;301;98;;neutre;;Daher ist die gesamtschweizerische Vergleichbarkeit der Maturitätszeugnisse und der erworbenen Kompetenzen der Gymnasiast:innen zentral.;Es werden Vorgaben gemacht zum Fächerangebot, zu den grundlegenden fachlichen Kompetenzen für die allgemeine Studierfähigkeit in der Unterrichtssprache und Mathematik sowie zur Wissenschaftspropädeutik (MAV bzw.;
Zeitschrift;autre;Zeitschrift;;296;162;;neutre;;Schweizerische Zeitschrift für Heilpädagogik, Jg.;Schweizerische Zeitschrift für Heilpädagogik, 30, 06/2024;
oft;autre;oft;;289;130;;neutre;;In grösseren Betrieben wird die Ausbildung oft auf mehrere Personen verteilt.;Eine andere Herausforderung für die Lernenden ist oft auch die Klassengrösse.;
soziale;autre;soziale;;286;99;;neutre;;Die zentrale These des systemischen Denkens ist, dass es in einem sozialen System nicht die eine Ursache gibt, sondern dass sich verschiedene Faktoren stets wechselseitig beeinflussen (König et al., 2020).;Soziale Unterstützung von Jugendlichen in der beruflichen Grundbildung.;
anderen;autre;anderen;;284;121;;neutre;;Brückenangebote richten sich an Jugendliche, welche keine Lehrstelle finden, schulische Lücken aufweisen und/oder aus anderen Gründen noch nicht bereit für eine Berufslehre sind.;Ein Grund dafür ist, dass alle Akteur:innen ihre eigenen Aufträge haben, jedoch haben sie häufig zu wenig Einblick in die Aufträge oder das Fachgebiet der anderen Stellen.;
beispielsweise;autre;beispielsweise;;283;117;;neutre;;Ein weiterer Schritt wäre die Implementierung solcher Vereinbarungen zwischen Schulen und der IV respektive dem Case Management Berufsbildung, beispielsweise in Form von Checklisten mit den Zuständigkeiten der einzelnen Stellen.;Weiter kann die Kommunikation erleichtert werden, indem beispielsweise gute Lichtverhältnisse herrschen, in kurzen Sätzen gesprochen wird oder Hintergrundgeräusche beseitigt werden (ebd.).;
Verhalten;autre;Verhalten;;283;77;;neutre;;Cooper et al. (2000) zeigten, dass ein niedriger sozioökonomischer Status mit weniger autonomieunterstützendem Verhalten und mit mehr Einmischung in der Lernbegleitung zusammenhing.;Anschliessend wurden die Unterstützungsmöglichkeiten zuhause anhand von drei möglichen Ansatzpunkten thematisiert: elterliche Einstellungen, Organisation der Lernumgebung, elterliches Verhalten.;
Prozent;autre;Prozent;;280;56;;neutre;;Bei Jugendlichen mit Migrationshintergrund aus der ersten Generation ist der Anteil mit 40 Prozent sogar noch höher (Gomensoro & Meyer, 2021).;89 Prozent der allgemeinbildenden Schulen geben an, von den Eltern über eine vorliegende Autismus-Diagnose informiert worden zu sein, bei den Berufsschulen sind dies nur 63 Prozent.;
Sprache;autre;Sprache;;278;77;;neutre;;Die Ausgaben des Screenreaders lassen sich als gesprochene Schrift beschreiben (und nicht als gesprochene Sprache), womit die Unterschiede zur menschlichen Rede deutlich werden (Schulz, 2024).;Diese Eigenheiten finden nun über die Technisierung gesprochener Sprache Eingang in dieselbe.;
Zusammenarbeit;autre;Zusammenarbeit;;276;87;;neutre;;Damit die Unterstützung optimal gelingt, ist es für Schulische Heilpädagog:innen hilfreich, die Aufgaben der verschiedenen Fachstellen zu kennen und sich mit Gelingensbedingungen der interinstitutionellen Zusammenarbeit auseinanderzusetzen.;Wie kann eine gut organisierte Zusammenarbeit in Bezug auf die unterschiedlichen Aufgabenbereiche aussehen und welche Voraussetzungen müssen dafür erfüllt sein?;
gibt;autre;gibt;;265;122;;neutre;;Nach dem Abschluss der obligatorischen Schulzeit gibt es eine Vielzahl von möglichen Anschlusslösungen.;Im Kanton Bern gibt es mehrere Fachstellen, welche Lernende der besonderen Volksschule auf ihrem Weg in die nachobligatorische Bildung begleiten.;
Schweizerische;autre;Schweizerische;;263;162;;neutre;;Schweizerische Zeitschrift für Heilpädagogik, Jg.;Ein Unternehmen, das inklusive Berufsausbildungen ermöglicht, ist die Schweizerische Post.;
Person;autre;Person;;253;97;;neutre;;Daher ist es sinnvoll, dass die fallführende Person in regelmässigem Austausch mit den Eltern steht, diese über die letzten und nächsten Schritte informiert und sich mit den Eltern darüber austauscht, wie diese ihren Sohn oder ihre Tochter im Berufswahlprozess unterstützen können.;Bei der Zusammenarbeit zwischen verschiedenen Fachstellen ist es wichtig, dass die Akteur:innen ihre Zuständigkeiten klären und dass festgelegt wird, wer die fallführende Person ist und wie der regelmässige Austausch sichergestellt werden kann.;
immer;autre;immer;;252;125;;neutre;;Den Jugendlichen muss immer wieder aufgezeigt werden, dass sie selbst in ihrem Berufswahlprozess die Hauptrolle spielen und dass ihre persönlichen Zukunftspläne und Wünsche im Zentrum stehen.;-   Denken Sie immer daran, dass der/die Jugendliche und seine/ihre spezifische Situation im Mittelpunkt der Kooperation stehen sollte.;
schulische;ecole;schulische;;251;79;;neutre;;Brückenangebote richten sich an Jugendliche, welche keine Lehrstelle finden, schulische Lücken aufweisen und/oder aus anderen Gründen noch nicht bereit für eine Berufslehre sind.;Damit die Unterstützung optimal gelingt, ist es für Schulische Heilpädagog:innen hilfreich, die Aufgaben der verschiedenen Fachstellen zu kennen und sich mit Gelingensbedingungen der interinstitutionellen Zusammenarbeit auseinanderzusetzen.;
Hochschule;ecole;Hochschule;;251;95;;neutre;;Sie ermöglicht den prüfungsfreien Zugang zu einem Studium an einer Fachhochschule.;Die Berufsbildung ist von einer hohen Durchlässigkeit geprägt: Der Besuch weiterführender Bildungsangebote, der Wechsel von der Berufsbildung an eine Hochschule sowie ein Tätigkeitswechsel im Verlauf des Arbeitslebens werden durch die Anrechnung bereits erbrachter Bildungsleistungen erleichtert.;
viele;autre;viele;;244;123;;neutre;;Viele Lernende des besonderen Volksschulangebots, sei dieses integrativ oder separativ, gehören aufgrund ihrer Herkunft mindestens einer der genannten Gruppen an und haben somit ein erhöhtes Risiko, über die erste Schwelle zu stolpern.;Bei Jugendlichen des besonderen Volksschulangebots sind oftmals viele;
selbst;autre;selbst;;244;112;;neutre;;Den Jugendlichen muss immer wieder aufgezeigt werden, dass sie selbst in ihrem Berufswahlprozess die Hauptrolle spielen und dass ihre persönlichen Zukunftspläne und Wünsche im Zentrum stehen.;Zeitweise habe er selbst nicht mehr an sich geglaubt: «Mir wurde oft gesagt, dass ich nicht im ersten Arbeitsmarkt arbeiten kann.» Sein Weg unterstreicht die Wichtigkeit der inklusiven Berufsausbildung.;
drei;autre;drei;;244;104;;neutre;;Sie eröffnet den Zugang zu einer drei- oder vierjährigen beruflichen Grundbildung mit EFZ.;Drei- oder vierjährige berufliche Grundbildung mit eidgenössischem Fähigkeitszeugnis (EFZ);
digitale;autre;digitale;;243;56;;neutre;;Digitale Teilhabe von Lernenden mit Beeinträchtigungen in der Berufsbildung.;Der digitale Wandel eröffnet neue Möglichkeiten für die Integration innovativer Ansätze ins Bildungssystem.;
da;autre;da;;242;119;;neutre;;Da die Eltern und die Lehrpersonen am regelmässigsten mit den Jugendlichen in Kontakt stehen, ist hier die Hürde wahrscheinlich am kleinsten, sich Unterstützung zu holen.;Bei der Zusammenarbeit zwischen verschiedenen Fachstellen ist es wichtig, dass die Akteur:innen ihre Zuständigkeiten klären und dass festgelegt wird, wer die fallführende Person ist und wie der regelmässige Austausch sichergestellt werden kann.;
inklusiven;autre;inklusiven;;241;77;;neutre;;Zeitweise habe er selbst nicht mehr an sich geglaubt: «Mir wurde oft gesagt, dass ich nicht im ersten Arbeitsmarkt arbeiten kann.» Sein Weg unterstreicht die Wichtigkeit der inklusiven Berufsausbildung.;Rahmenbedingungen einer inklusiven Berufsbildung;
Lernende;ecole;Lernende;;240;65;;neutre;;Viele Lernende des besonderen Volksschulangebots, sei dieses integrativ oder separativ, gehören aufgrund ihrer Herkunft mindestens einer der genannten Gruppen an und haben somit ein erhöhtes Risiko, über die erste Schwelle zu stolpern.;Im Kanton Bern gibt es mehrere Fachstellen, welche Lernende der besonderen Volksschule auf ihrem Weg in die nachobligatorische Bildung begleiten.;
Umsetzung;autre;Umsetzung;;237;85;;neutre;;Die Umsetzung (Anzahl Lektionen für die berufliche Orientierung, Integration in andere Fächer oder eigenes Fach etc.) liegt in der Kompetenz der Kantone.;Im Sommer des Jahres 2025 wird das SBFI im Rahmen einer Umfrage die Umsetzung der Massnahmen prüfen.;
unterstützen;autre;unterstützen;;236;115;;neutre;;Bei vielen Jugendlichen des besonderen Volksschulangebots können die Eltern ihre Kinder nicht ausreichend unterstützen.;Ein weiterer wichtiger Punkt ist die Zusammenarbeit zwischen den unterstützenden Akteur:innen und den Eltern.;
geht;autre;geht;;233;113;;neutre;;Dabei geht es darum, gemeinsam eine optimale Passung basierend auf den Bedürfnissen und Möglichkeiten der Person mit Behinderung einerseits und den Angeboten und Anforderungen der Berufsbildung und Invalidenversicherung andererseits zu erreichen.;Aus dem Schattenbericht von Inclusion Handicap (2017) geht hervor, dass Jugendliche mit Behinderungen in der Schweiz bereits beim Zugang zur Berufsbildung mit zahlreichen, teils schweren Benachteiligungen konfrontiert sind.;
Schweizerische Zeitschrift;autre;Schweizerische Zeitschrift;;231;160;;neutre;;Schweizerische Zeitschrift für Heilpädagogik, Jg.;Schweizerische Zeitschrift für Heilpädagogik, 30, 06/2024;
Praxis;autre;Praxis;;227;98;;neutre;;Vermittlung von Theorie und Praxis: die drei Lernorte;Ein etablierter Ansatz aus der Praxis ist das Modell der Supported Education in Form eines Jobcoachings.;
fördern;autre;fördern;;222;105;;neutre;;Um das gegenseitige Verständnis für die Komplexität des jeweils anderen Systems zu fördern, hat das Staatssekretariat für Bildung, Forschung und Innovation im Rahmen des Projekts «Gehörlose und Hörbehinderte und ihr Zugang zur Berufsbildung» einen Bericht erarbeitet (SBFI, 2024b).;Sie führen die Lernenden in den Betriebs-, Berufs- und Arbeitsalltag ein, definieren Lernziele, begleiten, unterstützen und fördern die Lernenden in der praktischen Arbeit und beurteilen die Lernergebnisse.;
beim;autre;beim;;221;113;;neutre;;Bei Jugendlichen mit Mehrfachschwierigkeiten wie schwachen Schulleistungen, Motivationsproblemen oder ungenügender Unterstützung durch die Eltern sollte die Klassenlehrperson eine Anmeldung beim Case Management Berufsbildung[2] vornehmen.;Die unterstützenden Akteur:innen haben unterschiedliche Aufträge: Die Schule bietet Berufswahlunterricht an und unterstützt die Jugendlichen beim Erstellen der Bewerbungsunterlagen.;
Jahr;autre;Jahr;;220;90;;neutre;;So wurde etwa im Rahmen der TREE2-Studie festgestellt, dass sich rund ein Drittel der Schüler:innen aus Elternhäusern mit niedrigem Bildungsniveau und/oder tiefem sozio-ökonomischem Status im ersten nachobligatorischen Jahr in Zwischenlösungen befand oder ausbildungslos war (Keller et al., 2010).;Im Jahr 2022 trat im Kanton Bern eine Vereinbarung zwischen der IV und dem Case Management Berufsbildung in Kraft, welche die Zuständigkeiten besser regelt.;
neue;autre;neue;;220;94;;neutre;;Klar ist: Um die Zugänglichkeit des ersten Arbeitsmarkts für Jugendliche mit Behinderungen zu verbessern und Inklusion voranzutreiben, braucht es neue Denk- und Lösungsansätze.;Dafür benötigt es von allen beteiligten Akteur:innen und insbesondere den Lehrbetrieben Mut, neue Wege zu gehen, um eine inklusive Berufsbildung voranzutreiben.;
Jahren;autre;Jahren;;215;93;;neutre;;Diese wurde vor 20 Jahren von Joachim Schoss gegründet, der bei einem unverschuldeten Motorradunfall seinen rechten Arm und sein rechtes Bein verloren hatte.;Die Forschung aus den vergangenen Jahren zur Verwendung einer Sprachausgabe verdeutlicht, dass man ihr im schulischen Kontext skeptisch begegnet.;
ab;autre;ab;;208;116;;neutre;;Denn wie Menschen mit Gehörlosigkeit oder einer Hörbehinderung sozialisiert werden, hängt massgeblich davon ab, wie sie mit der Umgebung kommunizieren, aber auch welchen Zugang sie zu vorschulischen und schulischen Fördermassnahmen erhalten.;Die Berufsbildung deckt ein breites Spektrum an Bildungsmöglichkeiten ab.;
www;autre;www;;207;43;;neutre;;Weitere Informationen: www.enableme.ch/lehrstellenportal;Tecklenburg (Hrsg.), Wörterbuch der Schweizer Sozialpolitik. https://www.seismoverlag.ch/de/daten-woerterbuch/berufsbildung-fur-menschen-mit-behinderung;
pädagogische;autre;pädagogische;;207;84;;neutre;;Vielfältige pädagogische Zugänge zu einer kindheitspädagogischen Praxis (S.;Der digitale Wandel wirkt sich auf das Verständnis von Unterricht und die Rolle der Lehrpersonen aus, auf die Gestaltung von Lernumgebungen und auf die Einbeziehung verschiedener Akteur:innen wie auch auf pädagogische und bildungspolitische Ziele.;
häufig;autre;häufig;;204;99;;neutre;;Häufig ist hierfür jedoch die Unterstützung durch die Schule notwendig.;Eigene Erfahrungen mit Fachpersonen der IV und des BIZ (Berufsberatungs- und Informationszentren) zeigen, dass die Kooperation zwischen den Fachstellen häufig schwierig ist.;
zwei;autre;zwei;;204;108;;neutre;;Zwei komplexe Systeme finden zusammen;Zwei Drittel der Jugendlichen in der Schweiz entscheiden sich für eine berufliche Grundbildung.;
andere;autre;andere;;204;104;;neutre;;Dabei geht es darum, gemeinsam eine optimale Passung basierend auf den Bedürfnissen und Möglichkeiten der Person mit Behinderung einerseits und den Angeboten und Anforderungen der Berufsbildung und Invalidenversicherung andererseits zu erreichen.;Die Umsetzung (Anzahl Lektionen für die berufliche Orientierung, Integration in andere Fächer oder eigenes Fach etc.) liegt in der Kompetenz der Kantone.;
eigenen;autre;eigenen;;203;104;;neutre;;Ein Grund dafür ist, dass alle Akteur:innen ihre eigenen Aufträge haben, jedoch haben sie häufig zu wenig Einblick in die Aufträge oder das Fachgebiet der anderen Stellen.;Der Hauptgedanke im Berufswahlprozess ist, dass die Schüler:innen sich mit ihren eigenen Interessen, Fähigkeiten und Möglichkeiten befassen, das Bildungssystem kennenlernen und die Möglichkeit haben, sich mit einem breiten Spektrum an Berufen auseinanderzusetzen, bevor sie eine Berufswahl treffen.;
bereits;autre;bereits;;200;106;;neutre;;-   Informieren Sie die Eltern und Jugendlichen frühzeitig über die verschiedenen Unterstützungsangebote, idealerweise bereits beim Standortgespräch in der 7.;Die Berufsbildung ist von einer hohen Durchlässigkeit geprägt: Der Besuch weiterführender Bildungsangebote, der Wechsel von der Berufsbildung an eine Hochschule sowie ein Tätigkeitswechsel im Verlauf des Arbeitslebens werden durch die Anrechnung bereits erbrachter Bildungsleistungen erleichtert.;
machen;autre;machen;;200;107;;neutre;;Beim Besuch der überbetrieblichen Kurse (üK) empfiehlt es sich, mit dem üK-Zentrum Kontakt aufzunehmen, um auf die Situation und Hilfsmittel aufmerksam zu machen.;Theo: Beruflich: Noch nie in der Geschichte der Firma hat jemand ein Geländer gemacht und das konnte ich während der PrA schon machen.;
Beeinträchtigungen;handicap;Beeinträchtigungen;;199;56;;neutre;;Ein weiterer Teil der Massnahmen ist im interinstitutionellen Kontext anzugehen und kann auch Personen mit anderen Arten von Beeinträchtigungen betreffen (z.;Indem der Bericht aufzeigt, wie die Berufsbildung funktioniert und welche Unterstützungsangebote zur Integration bestehen, kann er auch bei anderen Arten von Beeinträchtigungen eine Informationsquelle sein.;
sozialen;autre;sozialen;;199;95;;neutre;;Die zentrale These des systemischen Denkens ist, dass es in einem sozialen System nicht die eine Ursache gibt, sondern dass sich verschiedene Faktoren stets wechselseitig beeinflussen (König et al., 2020).;Lernzentrierte Kooperation im sozialen Netzwerk Schule lernen und lehren: Reviewstudie und Curriculumanalyse;
Wissen;autre;Wissen;;196;99;;neutre;;Die Masterarbeit der Erstautorin soll dazu beitragen, die interinstitutionelle Zusammenarbeit zu verbessern und durch das erworbene Wissen den Lernenden der besonderen Volksschule eine optimale Unterstützung während des Übergangs in die nachobligatorische Bildung zu bieten.[1];So wissen sie beispielweise nicht, an wen sie sich mit welcher Frage wenden sollen.;
Informationen;autre;Informationen;;195;86;;neutre;;Besonders wichtig ist es, dass die Lehrpersonen (Schulische Heilpädagog:in und Klassenlehrperson) in engem Austausch mit der IV und dem Case Management stehen und dass sie diesen Institutionen keine relevanten Informationen vorenthalten.;Dies führt dazu, dass Informationen vonseiten der Jugendlichen mit grosser Wahrscheinlichkeit eher in die Schule gelangen als zu anderen Fachstellen.;
Kooperation;autre;Kooperation;;194;53;;neutre;;In welchen Bereichen gibt es Unterstützungslücken, respektive besteht die Gefahr, dass die Kooperation zwischen den verschiedenen Akteur:innen nicht funktioniert?;Eigene Erfahrungen mit Fachpersonen der IV und des BIZ (Berufsberatungs- und Informationszentren) zeigen, dass die Kooperation zwischen den Fachstellen häufig schwierig ist.;
besonders;autre;besonders;;194;113;;neutre;;Besonders wichtig ist es, dass die Lehrpersonen (Schulische Heilpädagog:in und Klassenlehrperson) in engem Austausch mit der IV und dem Case Management stehen und dass sie diesen Institutionen keine relevanten Informationen vorenthalten.;Jugendliche mit gesundheitlichen Einschränkungen sind dabei besonders gefordert.;
sowohl;autre;sowohl;;193;105;;neutre;;Dafür präsentieren wir sowohl theoretische Grundlagen als auch Ausschnitte aus verschiedenen Interviews.;Es braucht Anpassungsleistungen sowohl vonseiten der Lehrbetriebe als auch von den Jugendlichen.;
verschiedene;autre;verschiedene;;192;111;;neutre;;verschiedene unterstützende Akteur:innen am Berufswahlprozess beteiligt.;Wenn viele verschiedene Akteur:innen am Berufswahlprozess beteiligt sind, kann dies für betroffene Jugendliche herausfordernd sein, denn es besteht die Gefahr, den Überblick zu verlieren.;
Zugang;autre;Zugang;;191;91;;neutre;;Denn wie Menschen mit Gehörlosigkeit oder einer Hörbehinderung sozialisiert werden, hängt massgeblich davon ab, wie sie mit der Umgebung kommunizieren, aber auch welchen Zugang sie zu vorschulischen und schulischen Fördermassnahmen erhalten.;Sie eröffnet den Zugang zu einer drei- oder vierjährigen beruflichen Grundbildung mit EFZ.;
Zeit;autre;Zeit;;188;107;;neutre;;Nach dem Abschluss der obligatorischen Schulzeit gibt es eine Vielzahl von möglichen Anschlusslösungen.;Weiter sollten sich Betriebe bewusst sein, dass für die Organisation von Dolmetsch-Dienstleistungen genügend Zeit einberechnet werden muss, was im Arbeitsalltag teilweise hinderlich sein kann.;
Gewalt;autre;Gewalt;;188;35;;neutre;;Zudem sind sie in erhöhtem Mass Gewalt und Diskriminierung am Arbeitsplatz ausgesetzt (26 % gegenüber 18 %).;Gewalt und Gewaltschutz in Einrichtungen der Behindertenhilfe;
ersten;autre;ersten;;187;89;;neutre;;So wurde etwa im Rahmen der TREE2-Studie festgestellt, dass sich rund ein Drittel der Schüler:innen aus Elternhäusern mit niedrigem Bildungsniveau und/oder tiefem sozio-ökonomischem Status im ersten nachobligatorischen Jahr in Zwischenlösungen befand oder ausbildungslos war (Keller et al., 2010).;Bei Jugendlichen mit Migrationshintergrund aus der ersten Generation ist der Anteil mit 40 Prozent sogar noch höher (Gomensoro & Meyer, 2021).;
Bereich;autre;Bereich;;186;85;;neutre;;Im Tessin unterstützt in diesem Bereich insbesondere die Gruppo di lavoro Krisalide.;Der Austausch mit Personen mit derselben Behinderung (Peers) ist auch in diesem Bereich zentral.;
Ressourcen;autre;Ressourcen;;184;89;;neutre;;In einem Lehrbetriebsverbund vereinen mehrere Unternehmen ihre Ressourcen und bieten gemeinsam einen oder mehrere Ausbildungsplätze an.;So werden gemäss Häfeli et al. (2014) oftmals Risiken und Defizite gesehen statt Schutzfaktoren und Ressourcen.;
szh;autre;szh;;182;51;;neutre;;Schweizerische Zeitschrift für Heilpädagogik, 28 (12), 38–43. https://ojs.szh.ch/zeitschrift/article/view/1057;Schweizerische Zeitschrift für Heilpädagogik, 29 (1), 22–28. https://ojs.szh.ch/zeitschrift/article/view/1116;
individuellen;autre;individuellen;;180;94;;neutre;;Diese umfassen insbesondere die Anwendung von individuellen technischen Hörsystemen und Hilfsmitteln, Dolmetschen für Gebärdensprache oder Ergänzende Laut-Sprache (ELS), Schriftdolmetschen sowie Höranlagen.;Die Berufsberaterin berichtet, dass die Arbeitswelt sich wenig an den individuellen Bedürfnissen der Jugendlichen orientiere.;
Medien;autre;Medien;;179;49;;neutre;;Medien 50;Medien;
Projekt;autre;Projekt;;178;65;;neutre;;"Genf Flughafen: Projekt ""Unsichtbare Behinderung""";Link zur Website des Flughafens Genf und einem Projekt zu unsichtbaren Behinderungen (auf Französisch);
BY;autre;BY;;175;173;;neutre;;[Creative Common BY];"[Creative Common BY]
Dieser Artikel hat ein Urheber-Recht.";
Dr;autre;Dr;;175;112;;neutre;;Dr.;"+---------------------------------+---------------+---------------+---------------+
| Dr. phil.";
Common;autre;Common;;174;174;;neutre;;[Creative Common BY];Hochschule Luzern. https://www.hslu.ch/-/media/campus/common/files/dokumente/h/1-medienmitteilungen-und-news/2020/w/hslu-arbeitsmarktstudie-gehrlosen-august-2020.pdf/?la=de-ch;
etwa;autre;etwa;;174;100;;neutre;;So wurde etwa im Rahmen der TREE2-Studie festgestellt, dass sich rund ein Drittel der Schüler:innen aus Elternhäusern mit niedrigem Bildungsniveau und/oder tiefem sozio-ökonomischem Status im ersten nachobligatorischen Jahr in Zwischenlösungen befand oder ausbildungslos war (Keller et al., 2010).;Um Akteur:innen ausserhalb der Berufsbildung zu informieren und für die Thematik zu sensibilisieren, werden die Projektergebnisse auch in Gremien wie etwa der interinstitutionellen Zusammenarbeit vorgestellt.;
Creative;autre;Creative;;173;173;;neutre;;[Creative Common BY];"[Creative Common BY]
Dieser Artikel hat ein Urheber-Recht.";
Creative Common;autre;Creative Common;;173;173;;neutre;;[Creative Common BY];"[Creative Common BY]
Dieser Artikel hat ein Urheber-Recht.";
Common BY;autre;Common BY;;173;173;;neutre;;[Creative Common BY];"[Creative Common BY]
Dieser Artikel hat ein Urheber-Recht.";
Creative Common BY;autre;Creative Common BY;;173;173;;neutre;;[Creative Common BY];"[Creative Common BY]
Dieser Artikel hat ein Urheber-Recht.";
Raum;autre;Raum;;171;72;;neutre;;Es folgen «ein ruhiger Raum für Prüfungen» mit 51 Prozent und «Einzelarbeit statt Gruppenarbeit» mit 45 Prozent.;Empfehlung 9: Wir empfehlen, der direkten Partizipation der Lernenden im Autismus-Spektrum ausreichend Raum zu geben bei Anpassungen in der Gestaltung des Schulalltags und weiteren Entscheidungsfindungen.;
Kanton;institution;Kanton;;169;60;;neutre;;Im Kanton Bern gibt es mehrere Fachstellen, welche Lernende der besonderen Volksschule auf ihrem Weg in die nachobligatorische Bildung begleiten.;Im Jahr 2022 trat im Kanton Bern eine Vereinbarung zwischen der IV und dem Case Management Berufsbildung in Kraft, welche die Zuständigkeiten besser regelt.;
verstehen;autre;verstehen;;169;87;;neutre;;Viele Personen mit einer Hörbehinderung können allein oder mit minimaler Hilfe Inhalte verstehen und dem Gesagten folgen.;Empfehlung 2: Wir empfehlen, dass jede Schule im Schulteam ein Basiswissen aufbaut zum Thema «Autismus verstehen».;
deren;autre;deren;;167;95;;neutre;;Die Ausbildungssituation der Jugendlichen auf der Sekundarstufe II ist eng mit deren sozialer Herkunft verknüpft.;Indem der Bericht aufzeigt, wie die Berufsbildung funktioniert und welche Unterstützungsangebote zur Integration bestehen, kann er auch bei anderen Arten von Beeinträchtigungen eine Informationsquelle sein.;
Klasse;ecole;Klasse;;167;59;;neutre;;Klasse.;Auch die weiteren angebotenen Professionalisierungsangebote «Schriftliche Informationsmaterialien über Autismus», «Unterstützung bei der Aufklärung der Klasse» und «Weiterbildung zum Thema Autismus» werden mit etwa 40 Prozent unseres Erachtens durchaus hoch gewichtet.;
stehen;autre;stehen;;166;99;;neutre;;Für Personen mit einem besonderen Bildungsbedarf stehen Angebote wie die Berufliche Grundbildung mit Unterstützung der IV oder die Praktische Ausbildung nach INSOS zur Verfügung.;Da die Eltern und die Lehrpersonen am regelmässigsten mit den Jugendlichen in Kontakt stehen, ist hier die Hürde wahrscheinlich am kleinsten, sich Unterstützung zu holen.;
stärken;autre;stärken;;166;83;;neutre;;Schliesslich sollten die Jugendlichen während ihrer beruflichen Grundbildung darin bestärkt werden, über ihre eigenen Stärken zu kommunizieren und selbstbewusst zu ihrer Identität als Jugendliche mit einer Hörbehinderung zu stehen.;Um das allgemeine Verständnis zu stärken, hat der Kanton Freiburg verschiedene Massnahmen zur Sensibilisierung ergriffen.;
denen;autre;denen;;165;93;;neutre;;Die Schweizer Berufsbildung bietet mit ihren rund 250 Abschlüssen der beruflichen Grundbildung eine grosse Auswahl an Berufen beziehungsweise Lehrstellen, mit denen Jugendliche ins Berufsleben starten können.;Wichtig ist, im Einzelfall das jeweils beste Vorgehen und Angebot zu finden und dabei die vorhandenen Instrumente optimal zu nutzen.;
Sonderpädagogik;autre;Sonderpädagogik;;165;55;;neutre;;Somit wird die Sonderpädagogik zur wertvollen Ressource für die Sekundarstufe II.;Daneben kann das Amt für Sonderpädagogik bei fachspezifischen Fragen beigezogen werden.;
braucht;autre;braucht;;164;90;;neutre;;Es braucht Anpassungsleistungen sowohl vonseiten der Lehrbetriebe als auch von den Jugendlichen.;Wer diesen Weg gehen möchte, braucht jedoch Geduld, Durchsetzungsvermögen und Kraft.;
gut;autre;gut;;161;78;;neutre;;Wie kann eine gut organisierte Zusammenarbeit in Bezug auf die unterschiedlichen Aufgabenbereiche aussehen und welche Voraussetzungen müssen dafür erfüllt sein?;Je nach persönlicher Situation sind die Betroffenen unterschiedlich gut mit den bestehenden Angeboten vertraut.;
Rolle;autre;Rolle;;161;90;;neutre;;Zudem nehmen die Eltern eine zentrale Rolle im Berufswahlprozess ihrer Kinder ein.;Abklärungsstellen und externe Fachpersonen spielen bei der Diagnosevermittlung eine untergeordnete Rolle.;
vgl;autre;vgl;;161;67;;neutre;;In Bezug auf Barrierefreiheit der Lernumgebungen leistet das Netzwerk der Hochschulen Pionierarbeit (vgl.;In Verbindung mit dem Normalisierungsprinzip (vgl. viertes Prinzip) können viele alltäglich Situationen «ausgehalten» werden, bei denen bis anhin oftmals verfrüht eingegriffen wurde.;
Umgang;autre;Umgang;;161;81;;neutre;;-   Erarbeitung von Strategien im Umgang mit Motivation, Konzentration, Stress und Belastung;Was bedeutet das nun konkret für den Umgang mit Screenreader-Programmen?;
deutlich;autre;deutlich;;159;89;;neutre;;Menschen ohne allgemeinbildenden oder beruflichen Abschluss auf der Sekundarstufe II haben deutlich verminderte Chancen auf eine erfolgreiche berufliche Entwicklung und eine gute gesellschaftliche Integration (Häfeli & Schellenberg, 2009).;Dies verweist deutlich auf einen vorhandenen Informationsbedarf.;
Ausbildung;autre;Ausbildung;;159;58;;neutre;;Für Personen mit einem besonderen Bildungsbedarf stehen Angebote wie die Berufliche Grundbildung mit Unterstützung der IV oder die Praktische Ausbildung nach INSOS zur Verfügung.;Für die praktische Ausbildung der Lernenden im Lehrbetrieb sind die Berufsbildner:innen zuständig.;
ihnen;autre;ihnen;;159;89;;neutre;;Darüber hinaus ist es wichtig, den individuellen Bedürfnissen und Fähigkeiten der betroffenen Jugendlichen gerecht zu werden und ihnen zu ermöglichen, ihr volles akademisches Potenzial zu entfalten.;Beispiel: Wir lassen die Jugendlichen zu Beginn einer Sitzung auf einer Skala einschätzen, wie es ihnen geht – je nachdem visualisieren wir die einzelnen Stufen mit Smileys.;
dafür;autre;dafür;;158;99;;neutre;;Wie kann eine gut organisierte Zusammenarbeit in Bezug auf die unterschiedlichen Aufgabenbereiche aussehen und welche Voraussetzungen müssen dafür erfüllt sein?;Ein Grund dafür ist, dass alle Akteur:innen ihre eigenen Aufträge haben, jedoch haben sie häufig zu wenig Einblick in die Aufträge oder das Fachgebiet der anderen Stellen.;
unterstützt;autre;unterstützt;;158;87;;neutre;;In solchen Fällen ist es sinnvoll, wenn der oder die zuständige Heilpädagog:in die Eltern und Jugendlichen unterstützt.;Die unterstützenden Akteur:innen haben unterschiedliche Aufträge: Die Schule bietet Berufswahlunterricht an und unterstützt die Jugendlichen beim Erstellen der Bewerbungsunterlagen.;
Situation;autre;Situation;;158;75;;neutre;;-   Denken Sie immer daran, dass der/die Jugendliche und seine/ihre spezifische Situation im Mittelpunkt der Kooperation stehen sollte.;Schliesslich besteht ein grosses Netzwerk an Beratungsstellen, Verbänden und Vereinen, die mit der Situation von Gehörlosigkeit oder Hörbehinderung vertraut sind und Hilfestellungen wie spezialisierte Beratungsdienste oder Erfahrungsaustausche für Eltern anbieten.;
Schweizer;autre;Schweizer;;158;55;;neutre;;Die Schweizer Berufsbildung bietet mit ihren rund 250 Abschlüssen der beruflichen Grundbildung eine grosse Auswahl an Berufen beziehungsweise Lehrstellen, mit denen Jugendliche ins Berufsleben starten können.;Auf Schweizer Ebene;
kognitiven;autre;kognitiven;;158;65;;neutre;;Besondere Bedürfnisse bedeutet: Wir begleiten Menschen mit leichten kognitiven Einschränkungen, mit Lernbeeinträchtigungen, mit psychischen Belastungen, mit Aufmerksamkeitsstörungen (ADS und ADHS), mit Autismus-Spektrum-Störungen (ASS) oder mit Entwicklungsstörungen.;Und zwar nicht vornehmlich auf einer kognitiven Ebene, sondern auf einer Ebene der Alltagspraxis.;
Institutionen;institution;Institutionen;;157;53;;neutre;;Besonders wichtig ist es, dass die Lehrpersonen (Schulische Heilpädagog:in und Klassenlehrperson) in engem Austausch mit der IV und dem Case Management stehen und dass sie diesen Institutionen keine relevanten Informationen vorenthalten.;Denn auch wenn es Checklisten und klar definierte Zuständigkeiten gibt, so liegt es im Einzelfall trotzdem vor allem an den zugewiesenen Fachpersonen der Institutionen, miteinander zu kooperieren und den Jugendlichen den Schritt über die erste Schwelle zu erleichtern.;
darauf;autre;darauf;;155;97;;neutre;;Zudem wird näher darauf eingegangen, wie Jugendliche vor, während und nach Abschluss einer beruflichen Grundbildung unterstützt werden und was – gemäss der Analyse des SBFI – für Jugendliche und Lernende mit Gehörlosigkeit oder einer Hörbehinderung für den Start ins Berufsleben wichtig ist.;Gleichzeitig ist es eine Herausforderung, für verschiedene Behinderungen und darauf beruhende Massnahmen einheitliche Standards zu definieren, während zugleich die individuellen Bedürfnisse berücksichtigt werden müssen (Ambord & Charrière, 2022).;
Lehrperson;ecole;Lehrperson;;155;41;;neutre;;Ausserdem hilft es mir bei der Kommunikation, zum Beispiel mit der Lehrperson.;Auch wenn sie Teil des gesamten Bildungssystems und damit der Gesellschaft sind, ist insbesondere die Bedeutung der einzelnen Lehrperson nicht zu unterschätzen.;
individuelle;autre;individuelle;;154;82;;neutre;;Abschlussprüfung, individuelle praktische Arbeit IPA) kann beim kantonalen Berufsbildungsamt ein Antrag für die Gewährung eines Nachteilsausgleichs gestellt werden.;Vielmehr sei es entscheidend, die individuellen Möglichkeiten und Ressourcen der Jugendlichen sorgfältig zu prüfen und das Umfeld einzubeziehen.;
https www;autre;https www;;154;27;;neutre;;Tecklenburg (Hrsg.), Wörterbuch der Schweizer Sozialpolitik. https://www.seismoverlag.ch/de/daten-woerterbuch/berufsbildung-fur-menschen-mit-behinderung;Kann Deutschland von der Schweiz lernen? https://www.econstor.eu/bitstream/10419/276266/1/1859234194.pdf;
hin;autre;hin;;153;95;;neutre;;Wir haben fünf Jugendliche gefragt, auf welche erlernte Tätigkeit sie besonders stolz sind, wie sie das Coaching bei ihren Fortschritten unterstützt, was sie verbessern würden und was sie für sich selbst wünschen, nachdem sie ihre Ausbildung abgeschlossen haben.;Sie reichen vom klassischen visuellen Lesen über das haptische Lesen der Brailleschrift bis hin zum Einsatz akustischer Sprachausgaben (Schulz, 2018).;
aufgrund;autre;aufgrund;;152;87;;neutre;;Viele Lernende des besonderen Volksschulangebots, sei dieses integrativ oder separativ, gehören aufgrund ihrer Herkunft mindestens einer der genannten Gruppen an und haben somit ein erhöhtes Risiko, über die erste Schwelle zu stolpern.;Aufgrund der beschriebenen Hürden besteht die Gefahr, dass Jugendliche mit Behinderungen nach der Schule direkt in den zweiten Arbeitsmarkt eingegliedert werden und unter Umständen keine Möglichkeit mehr erhalten, in den ersten Arbeitsmarkt zu wechseln (Zemp & Staub, 2022).;
lassen;autre;lassen;;152;97;;neutre;;Grob lassen sich folgende vier Gruppen unterscheiden (SBFI, 2024b):;Beispiel: Wir lassen die Jugendlichen zu Beginn einer Sitzung auf einer Skala einschätzen, wie es ihnen geht – je nachdem visualisieren wir die einzelnen Stufen mit Smileys.;
Alltag;autre;Alltag;;152;82;;neutre;;Hilfsmittel wie zum Beispiel Prothesen/Orthesen und Hörgeräte können Menschen mit Behinderungen den Alltag erleichtern und es ihnen ermöglichen, am Arbeitsmarkt teilzunehmen.;So ist sie im Alltag integriert und muss nicht zusätzlich arrangiert werden.;
politische;autre;politische;;151;24;;neutre;;Bei der historischen Veranstaltung diskutierten rund 50 Menschen mit Behinderungen unter dem Vorsitz von Linda Halter und Kantonsrat John Steggerda diverse Forderungen wie politische Mitbestimmung und Gleichberechtigung auf dem Arbeitsmarkt.;Im Gespräch mit Sammy Frey geht Romain Lanners zudem auf historische Hintergründe und aktuelle politische Entscheidungen ein, die die Zukunft der Sonderpädagogik in der Schweiz prägen und prägten.;
Beteiligten;autre;Beteiligten;;150;81;;neutre;;Die Sicherstellung des Informationsflusses zwischen den verschiedenen Akteur:innen und die Organisation von runden Tischen mit allen Beteiligten fällt in die Zuständigkeit des Case Managements.;Dies ermöglicht auch, dass alle Beteiligten Unterstützung in Anspruch nehmen können.;
Fähigkeiten;autre;Fähigkeiten;;150;82;;neutre;;Hier eignen sich die Lernenden berufspraktische Kenntnisse, Fähigkeiten und Fertigkeiten an.;Die Angebote berücksichtigen unterschiedliche Fähigkeiten und sind auf die Bedürfnisse der verschiedenen Altersklassen ausgerichtet.;
bietet;autre;bietet;;149;83;;neutre;;Die unterstützenden Akteur:innen haben unterschiedliche Aufträge: Die Schule bietet Berufswahlunterricht an und unterstützt die Jugendlichen beim Erstellen der Bewerbungsunterlagen.;Die Schweizer Berufsbildung bietet mit ihren rund 250 Abschlüssen der beruflichen Grundbildung eine grosse Auswahl an Berufen beziehungsweise Lehrstellen, mit denen Jugendliche ins Berufsleben starten können.;
Bedürfnisse;autre;Bedürfnisse;;149;76;;neutre;;Die Angebote berücksichtigen unterschiedliche Fähigkeiten und sind auf die Bedürfnisse der verschiedenen Altersklassen ausgerichtet.;Bei der Post werden Jugendliche und deren Umfeld bereits vor der Ausbildung dazu ermutigt, ihre individuellen Bedürfnisse, Wünsche und Schwierigkeiten mitzuteilen.;
zentrale;autre;zentrale;;149;91;;neutre;;Zudem nehmen die Eltern eine zentrale Rolle im Berufswahlprozess ihrer Kinder ein.;Wir haben verschiedene zentrale Akteur:innen interviewt, die persönliche Erfahrungen mit den Herausforderungen beim Übergang in die Arbeitswelt und den notwendigen Rahmenbedingungen haben.;
Zürich;autre;Zürich;;149;58;;neutre;;Neben kantonalen Berufsfachschulen gibt es für Lernende aus der Deutschschweiz und dem Fürstentum Liechtenstein die Möglichkeit, die Berufsfachschule für Lernende mit Hör- und Kommunikationsbehinderung BSFH in Zürich zu besuchen.;Während 45% der mehrsprachigen Kinder in Zürich Deutschförderbedarf haben, gibt es nur in 8% der Kitas spezifische Sprachförderkonzepte.;
weitere;autre;weitere;;147;102;;neutre;;Als weitere regionale Eigenschaft ist die Ergänzende Laut-Sprache (ELS) zu erwähnen, welche jedoch fast nur in der Romandie Anwendung findet.;Gemäss den jeweiligen gesetzlichen Zuständigkeiten ist es an den Verbundpartnern der Berufsbildung, der IV und den Behindertenorganisationen, die Massnahmen umzusetzen und bei Bedarf weitere Abklärungen vorzunehmen.;
denn;autre;denn;;146;90;;neutre;;Wenn viele verschiedene Akteur:innen am Berufswahlprozess beteiligt sind, kann dies für betroffene Jugendliche herausfordernd sein, denn es besteht die Gefahr, den Überblick zu verlieren.;Denn auch wenn es Checklisten und klar definierte Zuständigkeiten gibt, so liegt es im Einzelfall trotzdem vor allem an den zugewiesenen Fachpersonen der Institutionen, miteinander zu kooperieren und den Jugendlichen den Schritt über die erste Schwelle zu erleichtern.;
vier;autre;vier;;144;72;;neutre;;Grob lassen sich folgende vier Gruppen unterscheiden (SBFI, 2024b):;Zu diesen Schulen gehören vier der 26 Berufsschulen und nur zwei der 52 allgemeinbildenden Schulen.;
Blick;autre;Blick;;143;69;;neutre;;Der Blick auf die genannten Gelingensbedingungen und Hindernisse auf der Ebene der Mitschüler:innen verdeutlicht, dass eine offene und wertschätzende Kommunikation in der Gleichaltrigengruppe bedeutsam ist.;Blick in die Revue 57;
Jg;autre;Jg;;142;141;;neutre;;Schweizerische Zeitschrift für Heilpädagogik, Jg.;Jg.;
Thema;autre;Thema;;142;75;;neutre;;Auf dem Lehrstellenportal finden Jugendliche, ihre Eltern und Lehrpersonen nicht nur Stellen von inklusiven Lehrbetrieben, sondern auch hilfreiche Informationen zum Thema Lehrstellensuche.;Wissen zum Thema Autismus;
Buch;autre;Buch;;142;31;;neutre;;Kein Mensch kann mit seiner eigenen Lesestimme Schritt halten, wenn ein Screenreader begonnen hat, ein ganzes Buch vorzutragen.;Darüber diskutieren Fachpersonen mit und ohne Behinderungen aus Politik, Verwaltung, Verbänden und Forschung in diesem Buch.;
pdf;autre;pdf;;141;21;;neutre;;Kann Deutschland von der Schweiz lernen? https://www.econstor.eu/bitstream/10419/276266/1/1859234194.pdf;Frankfurt. https://www.pedocs.de/volltexte/2023/26629/pdf/Felbermayr_2023_Entscheidungsprozesse_am_inklusiven.pdf;
Kindes;autre;Kindes;;141;52;;neutre;;Werden Noten eher gemäss der Leistung oder entlang der Herkunft des Kindes erteilt?;Schulfähigkeitsdiagnostik: Ein Verständnis von Schulfähigkeit als fix diagnostizierbare Bereitschaft des Kindes wird vermieden.;
Heilpädagogik Jg;autre;Heilpädagogik Jg;;141;141;;neutre;;Schweizerische Zeitschrift für Heilpädagogik, Jg.;;
nutzen;autre;nutzen;;140;74;;neutre;;Wichtig ist, im Einzelfall das jeweils beste Vorgehen und Angebot zu finden und dabei die vorhandenen Instrumente optimal zu nutzen.;Potenziale nutzen und Barrieren abbauen.;
Beziehungen;autre;Beziehungen;;140;52;;neutre;;Die auf dem mit dem Pulitzerpreis ausgezeichneten Roman «Alles Licht, das wir nicht sehen» basierende Miniserie ist eine Geschichte über die aussergewöhnliche Kraft menschlicher Beziehungen.;Beziehungen und Teams, 2.;
weniger;autre;weniger;;139;86;;neutre;;Dies bestätigen auch Zahlen: So sind gemäss Bundesamt für Statistik (2021) Menschen mit Behinderungen mit ihrer Arbeit weniger zufrieden als Menschen ohne Behinderungen (67 % gegenüber 81 %).;Weitere Formen werden bei weniger als 30 Prozent der Schulen angeboten.;
Angebote;autre;Angebote;;138;61;;neutre;;Fachhochschule [FMS], Gymnasium) über Berufslehren auf verschiedenen Anforderungsniveaus (Lehre mit Eidgenössischem Berufsattest [EBA], Lehre mit Eidgenössischem Fähigkeitszeugnis [EFZ], EFZ-Lehre mit Berufsmatura) bis zu Brückenangeboten.;Die Berufsbildung ist von einer hohen Durchlässigkeit geprägt: Der Besuch weiterführender Bildungsangebote, der Wechsel von der Berufsbildung an eine Hochschule sowie ein Tätigkeitswechsel im Verlauf des Arbeitslebens werden durch die Anrechnung bereits erbrachter Bildungsleistungen erleichtert.;
entwickelt;autre;entwickelt;;138;89;;neutre;;Mit der Steuergruppe Nachteilsausgleich hat sich in den Freiburger Gymnasien bei der Umsetzung des Nachteilsausgleichs eine gemeinsame Praxis entwickelt.;Der Rückgang der Einsprachen zeigt, dass sich ein Verständnis für bildungsstufenbezogene Nachteilsausgleiche entwickelt.;
somit;autre;somit;;137;81;;neutre;;Viele Lernende des besonderen Volksschulangebots, sei dieses integrativ oder separativ, gehören aufgrund ihrer Herkunft mindestens einer der genannten Gruppen an und haben somit ein erhöhtes Risiko, über die erste Schwelle zu stolpern.;Somit wird die Sonderpädagogik zur wertvollen Ressource für die Sekundarstufe II.;
steht;autre;steht;;137;85;;neutre;;Das Case Management Berufsbildung steht den Lernenden mit einem Coaching zur Seite.;Wenn eine Vielzahl an Fachstellen involviert ist, besteht die Gefahr, dass sich die Eltern übergangen fühlen und im schlimmsten Fall nicht mehr kooperationsbereit sind.;
Hrsg;autre;Hrsg;;135;20;;neutre;;Tecklenburg (Hrsg.), Wörterbuch der Schweizer Sozialpolitik. https://www.seismoverlag.ch/de/daten-woerterbuch/berufsbildung-fur-menschen-mit-behinderung;Ryter, A. & Schaffner, D. (Hrsg.) (2015).;
pädagogischen;autre;pädagogischen;;135;65;;neutre;;Link zur Website der Pädagogischen Hochschule Zürich mit dem Projekt DEEP;Darauf aufbauend wendet er sich dann pädagogischen und didaktischen Anschlüssen zu und bezieht sich anschliessend auf partizipative (Autismus- )For-schung als eine Hauptforderung der Neurodiversitäts-bewegung.;
darüber;autre;darüber;;134;88;;neutre;;Daher ist es sinnvoll, dass die fallführende Person in regelmässigem Austausch mit den Eltern steht, diese über die letzten und nächsten Schritte informiert und sich mit den Eltern darüber austauscht, wie diese ihren Sohn oder ihre Tochter im Berufswahlprozess unterstützen können.;Darüber hinaus ist es wichtig, den individuellen Bedürfnissen und Fähigkeiten der betroffenen Jugendlichen gerecht zu werden und ihnen zu ermöglichen, ihr volles akademisches Potenzial zu entfalten.;
org;autre;org;;134;26;;neutre;;Schweizerische Zeitschrift für Heilpädagogik,29 (1), 36–42. https://doi.org/10.57161/z2023-01-06;Schweizerische Zeitschrift für Heilpädagogik, 29 (1), 29–35. https://doi.org/10.57161/z2023-01-05;
emotionale;autre;emotionale;;133;50;;neutre;;-   Das eigene Wirken reflektieren: SHP bringen persönliches Engagement ein, was «Reife, Verantwortung, emotionale Ausgewogenheit» erfordert (Greving & Ondracek, 2023, S.;Schliesslich sind Zahlen enorm wichtig, um emotionale Diskussionen zu objektivieren.;
dadurch;autre;dadurch;;131;78;;neutre;;Sie eignen sich dadurch eine solide berufliche Grundlage an.;Dadurch versteht sich, dass Menschen mit Gehörlosigkeit oder einer Hörbehinderung in Bezug auf die Kommunikation und ihren persönlichen Hintergrund keine homogene Gruppe bilden.;
Familien;autre;Familien;;131;44;;neutre;;Kinder aus privilegierten Familien haben folglich Ende der obligatorischen Schulzeit rund drei Jahre Lernvorsprung in Mathematik gegenüber Kindern aus der untersten sozialen Schicht (40 Punkte entsprechen ca. einem Schuljahr).;Die Covid-19-Pandemie hat zudem gezeigt, dass Lernende aus sozial und finanziell gut gestellten Familien im Fernunterricht einen Vorteil haben, da sie eher über digitale Hilfsmittel verfügen (z.;
gleichzeitig;autre;gleichzeitig;;130;80;;neutre;;Gleichzeitig gilt es auch, die Privatsphäre der Jugendlichen respektvoll zu behandeln.;Gleichzeitig verstärken die eingeschränkten Berufswahlmöglichkeiten für Jugendliche mit Behinderungen die Schwierigkeiten beim Übergang von der Schule in die Berufswelt (Pool Maag, 2016).;
wenig;autre;wenig;;130;81;;neutre;;Ein Grund dafür ist, dass alle Akteur:innen ihre eigenen Aufträge haben, jedoch haben sie häufig zu wenig Einblick in die Aufträge oder das Fachgebiet der anderen Stellen.;Die Berufsberaterin berichtet, dass die Arbeitswelt sich wenig an den individuellen Bedürfnissen der Jugendlichen orientiere.;
schaffen;autre;schaffen;;130;81;;neutre;;Deshalb erinnern wir sie stets daran, was sie bereits geleistet haben und schaffen so eine positive Grundstimmung.;Der Bundesrat will im Rahmen einer nächsten IV-Revision die Grundlagen schaffen, damit AHV und IV den versicherten Personen möglichst technologisch fortschrittliche und zweckmässige Hilfsmittel zur Verfügung stellen können.;
uns;autre;uns;;129;63;;neutre;;Damit kommt uns eine Schlüsselposition in der Kooperation zu.;Die von uns befragte Berufsberaterin beschreibt die bereits erwähnten Schwierigkeiten beim Berufseinstieg an der Schnittstelle zwischen der Arbeitswelt, der Schule und den Partizipationsmöglichkeiten der Jugendlichen:;
Jahre;autre;Jahre;;129;67;;neutre;;Zehn Jahre nach dem Beitritt zur Behindertenrechtskonvention (BRK) kommen spezifische Massnahmen wie die Barrierefreiheit und der Nachteilsausgleich langsam in Gange.;Die Ausbildung dauert zwei Jahre und umfasst die folgenden Bestandteile:;
digitalen;autre;digitalen;;129;36;;neutre;;Es bedarf lediglich einer digitalen Version dieses Textes (z.;-   Texte sind in unterschiedlichen digitalen Versionen leichter verfügbar als Hörbücher,;
Art;autre;Art;;128;74;;neutre;;Diese Komplexität ergibt sich unter anderem aus den unterschiedlichen Sozialisationserfahrungen und der Art und Weise ihrer Kommunikation.;b) die Dauer und Ausgestaltung des Bildungsangebots sowie Prüfungen den spezifischen Bedürfnissen von Menschen mit einer Behinderung nicht angepasst sind (BehiG, Art.;
finden;autre;finden;;127;84;;neutre;;Brückenangebote richten sich an Jugendliche, welche keine Lehrstelle finden, schulische Lücken aufweisen und/oder aus anderen Gründen noch nicht bereit für eine Berufslehre sind.;Nützliche Informationen finden die Jugendlichen zum Beispiel unter berufsberatung.ch oder yousty.ch.;
pro;autre;pro;;127;59;;neutre;;Lernende besuchen die Berufsfachschulen ein bis zwei Tage pro Woche.;Auch der Inklusionsindex von Pro Infirmis (2023) zeigt, dass sich rund die Hälfte aller Menschen mit Behinderungen vom ersten Arbeitsmarkt[1] ausgeschlossen fühlt.;
Studien;autre;Studien;;127;67;;neutre;;Wie ein Lesen mit dem Ohr funktioniert, wurde bereits in verschiedenen Studien untersucht (Schulz, 2020, 2022, 2024).;Schweizerisches Dienstleistungszentrum Berufsbildung | Berufs-, Studien- und Laufbahnberatung (SDBB);
Austausch;autre;Austausch;;126;56;;neutre;;Besonders wichtig ist es, dass die Lehrpersonen (Schulische Heilpädagog:in und Klassenlehrperson) in engem Austausch mit der IV und dem Case Management stehen und dass sie diesen Institutionen keine relevanten Informationen vorenthalten.;Daher ist es sinnvoll, dass die fallführende Person in regelmässigem Austausch mit den Eltern steht, diese über die letzten und nächsten Schritte informiert und sich mit den Eltern darüber austauscht, wie diese ihren Sohn oder ihre Tochter im Berufswahlprozess unterstützen können.;
deshalb;autre;deshalb;;126;72;;neutre;;Deshalb ist für viele Jugendliche der Übergang in die Berufswelt mit Unsicherheiten und Schwierigkeiten verbunden (Neuenschwander, 2021).;Deshalb startete er im Sommer 2022 eine Ausbildung im zweiten Arbeitsmarkt.;
Gesundheit;autre;Gesundheit;;126;41;;neutre;;DE: Psychische Gesundheit von Schüler:innen;Deutsches Schulportal mit einer Befragung zur psychischen Gesundheit von Schüler:innen;
indem;autre;indem;;124;75;;neutre;;Weiter kann die Kommunikation erleichtert werden, indem beispielsweise gute Lichtverhältnisse herrschen, in kurzen Sätzen gesprochen wird oder Hintergrundgeräusche beseitigt werden (ebd.).;Indem der Bericht aufzeigt, wie die Berufsbildung funktioniert und welche Unterstützungsangebote zur Integration bestehen, kann er auch bei anderen Arten von Beeinträchtigungen eine Informationsquelle sein.;
besser;autre;besser;;123;76;;neutre;;Im Jahr 2022 trat im Kanton Bern eine Vereinbarung zwischen der IV und dem Case Management Berufsbildung in Kraft, welche die Zuständigkeiten besser regelt.;Sinnesbeeinträchtigung nach diesem Modell besser als nach einer Ausbildung im geschützten Rahmen.;
Perspektiven;autre;Perspektiven;;123;67;;neutre;;Eidgenössische Berufsatteste und Fähigkeitszeugnisse bilden die Basis für lebenslanges Lernen und eröffnen vielfältige berufliche Perspektiven.;Perspektiven einer Jugendlichen mit Behinderung und ihrer Mutter auf den Übergang von der Schule in die Erwerbstätigkeit.;
Verständnis;autre;Verständnis;;123;80;;neutre;;Um das gegenseitige Verständnis für die Komplexität des jeweils anderen Systems zu fördern, hat das Staatssekretariat für Bildung, Forschung und Innovation im Rahmen des Projekts «Gehörlose und Hörbehinderte und ihr Zugang zur Berufsbildung» einen Bericht erarbeitet (SBFI, 2024b).;Auf der Ebene der Mitschüler:innen werden parallel zu den Gelingensbedingungen «fehlende Informationen» und ein damit verbundenes «fehlendes Verständnis» als besonders hinderlich benannt.;
Barrieren;autre;Barrieren;;123;50;;neutre;;Jugendliche mit Behinderungen müssen nicht nur den ohnehin schon anspruchsvollen Übergang in die Berufswelt meistern, sondern auch zusätzliche Barrieren überwinden.;Damit sind hauptsächlich Barrieren in den Köpfen gemeint, wie beispielsweise Vorurteile oder Stigmatisierungen.;
geben;autre;geben;;123;80;;neutre;;70 der 80 Schulen (88 %) geben an, aktuell Lernende mit einer Autismus-Diagnose zu unterrichten.;89 Prozent der allgemeinbildenden Schulen geben an, von den Eltern über eine vorliegende Autismus-Diagnose informiert worden zu sein, bei den Berufsschulen sind dies nur 63 Prozent.;
Heilpädagog;autre;Heilpädagog;;122;41;;neutre;;Damit die Unterstützung optimal gelingt, ist es für Schulische Heilpädagog:innen hilfreich, die Aufgaben der verschiedenen Fachstellen zu kennen und sich mit Gelingensbedingungen der interinstitutionellen Zusammenarbeit auseinanderzusetzen.;In solchen Fällen ist es sinnvoll, wenn der oder die zuständige Heilpädagog:in die Eltern und Jugendlichen unterstützt.;
zusammen;autre;zusammen;;121;77;;neutre;;Zwei komplexe Systeme finden zusammen;Die folgenden Kapitel fassen die wichtigsten Ergebnisse des Berichts zusammen.;
Barrierefreiheit;autre;Barrierefreiheit;;121;30;;neutre;;Zehn Jahre nach dem Beitritt zur Behindertenrechtskonvention (BRK) kommen spezifische Massnahmen wie die Barrierefreiheit und der Nachteilsausgleich langsam in Gange.;In Bezug auf Barrierefreiheit der Lernumgebungen leistet das Netzwerk der Hochschulen Pionierarbeit (vgl.;
lässt;autre;lässt;;121;74;;neutre;;Sie gewährleistet, dass sich die Lesestimme erfolgreich in den auditiven Leseprozess integrieren lässt.;Mit den Texten in diesem kleinen, feinen Büchlein lässt uns die Autorin an ihrem Leben und ihrer Kreativität teilhaben.;
erhalten;autre;erhalten;;120;76;;neutre;;Denn wie Menschen mit Gehörlosigkeit oder einer Hörbehinderung sozialisiert werden, hängt massgeblich davon ab, wie sie mit der Umgebung kommunizieren, aber auch welchen Zugang sie zu vorschulischen und schulischen Fördermassnahmen erhalten.;Aufgrund der beschriebenen Hürden besteht die Gefahr, dass Jugendliche mit Behinderungen nach der Schule direkt in den zweiten Arbeitsmarkt eingegliedert werden und unter Umständen keine Möglichkeit mehr erhalten, in den ersten Arbeitsmarkt zu wechseln (Zemp & Staub, 2022).;
solche;autre;solche;;120;83;;neutre;;Solche Sprachausgaben verlautlichen hörbar das geschriebene Wort.;Über eine solche Zeitregie können die eigene Lesestimme und die fremde Stimme der Sprachausgabe miteinander in einen Dialog gebracht werden – ähnlich wie es beim Dolmetschen der Fall ist.;
doi;autre;doi;;120;22;;neutre;;Schweizerische Zeitschrift für Heilpädagogik,29 (1), 36–42. https://doi.org/10.57161/z2023-01-06;Schweizerische Zeitschrift für Heilpädagogik, 29 (1), 29–35. https://doi.org/10.57161/z2023-01-05;
