terme;categorie;forme_privilegiee;variantes;frequence;documents;sigle_developpement;statut;source_normative;exemple_1;exemple_2;note;exiger_developpement
personne en situation de handicap;handicap;personne en situation de handicap;;279;35;;privilegie;CSPS.Vocabulaire.Handicap;L’accessibilité est le fait de prendre les mesures appropriées afin de permettre aux personnes en situation de handicap de vivre de manière indépendante et de participer pleinement à tous les aspects ;Quand on aborde l’accessibilité en lien avec l’information et la communication, le papier est trop limitant et ne pourra qu’être peu accessible. Une information sous forme numérique (en complément ou ;;non
personne handicapée;handicap;personne handicapée;;122;36;;deconseille;CSPS.Vocabulaire.Handicap;En référence à la Loi fédérale sur l’égalité pour les personnes handicapées (LHand, 2022), la Loi sur la pédagogie spécialisée (LPS, 2020) et l’article 98 de la Loi sur l’enseignement obligatoire (LEO;Depuis trente ans, le domaine de la pédagogie spécialisée a évolué et accorde une attention toujours plus croissante aux politiques d’inclusion pour les élèves bénéficiant d’un soutien éducatif (Unite;usage publié contredit la règle Vale (faux positif probable);non
handicapé·e·s;handicap;handicapé·e·s;;0;0;;neutre;;;;jamais rencontré dans le corpus publié;non
déficience;handicap;déficience;;175;42;;neutre;;On parle ainsi d’outils permettant la compensation, c’est-à-dire d’amoindrir l’impact d’une déficience ou d’un trouble sur les apprentissages ou encore d’outils facilitant le contournement, c’est-à-di;L’école inclusive tient compte de la diversité des besoins d’apprentissage de l’ensemble des élèves : il n’y a pas deux élèves qui progressent à la même vitesse, qui soient prêts à apprendre en même t;;non
trouble;handicap;trouble;;345;57;;neutre;;On parle ainsi d’outils permettant la compensation, c’est-à-dire d’amoindrir l’impact d’une déficience ou d’un trouble sur les apprentissages ou encore d’outils facilitant le contournement, c’est-à-di;-   si l’impact du trouble sur les apprentissages est jugé comme limité par le recours à la machine, cela nécessite-t-il encore de recourir à des aménagements pédagogiques, au risque de transférer la ;;non
besoins éducatifs particuliers;handicap;besoins éducatifs particuliers;;63;30;;neutre;;Le CTAA a ainsi appliqué ces standards à certains ouvrages scolaires et les a mis à disposition des élèves à besoins éducatifs particuliers de Suisse romande via la plateforme Booxaa©. Ces documents n;Les élèves déclarés à besoins éducatifs particuliers qui font usage d’aides numériques en classe sont souvent conduits à emprunter des voies d’apprentissage singulières. Par conséquent, le recours à c;;non
élève à BEP;handicap;élève à BEP;;31;4;;neutre;;Dans le domaine de l’enseignement spécialisé (ES), les questions vives ont longtemps concerné l’enseignement, les apprentissages et les questions de scolarisation des élèves déclarés à besoins éducati;Dans le domaine de l’enseignement spécialisé (ES), les questions vives ont longtemps concerné l’enseignement, les apprentissages et les questions de scolarisation des élèves déclarés à besoins éducati;;non
CUA;sigle;CUA;;127;11;éléments en lien principalement avec la conception universelle de l’apprentissage;neutre;;;;développé dans 11/11 documents où il apparaît;oui
BEP;sigle;BEP;;104;7;sont amplifiés pour les étudiantes et étudiants à besoins éducatifs particuliers;neutre;;;;développé dans 6/7 documents où il apparaît;oui
TSA;sigle;TSA;;60;14;Certains de ces élèves avec BCC ont un trouble du spectre de l’autisme;neutre;;;;développé dans 9/14 documents où il apparaît;non
CDPH;sigle;CDPH;;54;23;par la Convention des Nations unies relative aux droits des personnes handicapées;neutre;;;;développé dans 16/23 documents où il apparaît;non
CDIP;sigle;CDIP;;52;12;la Conférence des directrices et directeurs cantonaux de l'instruction publique;neutre;;;;développé dans 3/12 documents où il apparaît;non
CAA;sigle;CAA;;44;7;ont en commun d’avoir besoin de moyens de Communication Alternatifs ou Augmentés;neutre;;;;développé dans 7/7 documents où il apparaît;oui
CRPS;sigle;CRPS;;44;2;Reste Cool Sois Prudent;neutre;;;;développé dans 2/2 documents où il apparaît;oui
RTS;sigle;RTS;;42;10;ant retenus par les journalistes et documentalistes de la Radio Télévision Suisse;neutre;;;;développé dans 3/10 documents où il apparaît;non
ONU;sigle;ONU;;37;26;de l’Organisation des Nations unies;neutre;;;;développé dans 3/26 documents où il apparaît;non
CIIP;sigle;CIIP;;36;9;onférence intercantonale de l’instruction publique de Suisse romande et du Tessin;neutre;;;;développé dans 4/9 documents où il apparaît;non
HEP;sigle;HEP;;34;16;fuser l’accès aux études d’enseignante du primaire par la Haute école pédagogique;neutre;;;;développé dans 1/16 documents où il apparaît;non
UDL;sigle;UDL;;33;5;ou Universal Design for Learning;neutre;;;;développé dans 3/5 documents où il apparaît;non
DEVI;sigle;DEVI;;31;2;la scolarisation en milieu ordinaire des élèves avec une déficience visuelle;neutre;;;;développé dans 1/2 documents où il apparaît;non
FEE;sigle;FEE;;31;2;et la Fondation pour les Enfants Extraordinaires;neutre;;;;développé dans 2/2 documents où il apparaît;oui
OMS;sigle;OMS;;27;11;L’Organisation mondiale de la santé;neutre;;;;développé dans 1/11 documents où il apparaît;non
TDAH;sigle;TDAH;;26;10;onnaissances récentes sur le Trouble du déficit de l’attention avec hyperactivité;neutre;;;;développé dans 5/10 documents où il apparaît;non
ESE;sigle;ESE;;26;3;Les personnes vivant en établissement socioéducatif;neutre;;;;développé dans 3/3 documents où il apparaît;oui
OFS;sigle;OFS;;25;9;Les chiffres de l'Office fédéral de la statistique;neutre;;;;développé dans 2/9 documents où il apparaît;non
IA;sigle;IA;;24;6;L’intelligence artificielle;neutre;;;;développé dans 4/6 documents où il apparaît;non
SD;sigle;SD;;15;2;Mesures de pédagogie spécialisée        2022 M;neutre;;;;développé dans 1/2 documents où il apparaît;non
CSE;sigle;CSE;;15;2;L’apprentissage des compétences socioémotionnelles;neutre;;;;développé dans 1/2 documents où il apparaît;non
OFAS;sigle;OFAS;;14;8;et versées par l’Office fédéral des assurances sociales;neutre;;;;développé dans 5/8 documents où il apparaît;non
DECS;sigle;DECS;;14;3;dans sa version révisée de 2022;neutre;;;;développé dans 1/3 documents où il apparaît;non
WCAG;sigle;WCAG;;13;2;ainsi qu’aux règles pour l’accessibilité des contenus Web;neutre;;;;développé dans 2/2 documents où il apparaît;oui
BFEH;sigle;BFEH;;13;9;était financée par le Bureau fédéral de l’égalité pour les personnes handicapées;neutre;;;;développé dans 6/9 documents où il apparaît;non
USA;sigle;USA;;11;6;tandis qu’à Dalton;neutre;;;;développé dans 1/6 documents où il apparaît;non
SER;sigle;SER;;10;9;uête sur l’école à visée inclusive lancée par le Syndicat des enseignants romands;neutre;;;;développé dans 3/9 documents où il apparaît;non
TDI;sigle;TDI;;10;4;che menée auprès de personnes présentant un trouble du développement intellectuel;neutre;;;;développé dans 4/4 documents où il apparaît;oui
CSM;sigle;CSM;;10;2;tion des désavantages lors des examens finaux de la Commission suisse de maturité;neutre;;;;développé dans 2/2 documents où il apparaît;oui
PPI;sigle;PPI;;9;3;daptation n’a de sens que dans les situations où un projet pédagogique individuel;neutre;;;;développé dans 3/3 documents où il apparaît;oui
PPH;sigle;PPH;;9;6;Dans la perspective de l’approche du Processus de Production du Handicap;neutre;;;;développé dans 1/6 documents où il apparaît;non
FSS;sigle;FSS;;9;3;La Fédération suisse des sourds;neutre;;;;développé dans 1/3 documents où il apparaît;non
FALC;sigle;FALC;;8;5;n version classique et la seconde a été traduite en Facile à Lire et à Comprendre;neutre;;;;développé dans 3/5 documents où il apparaît;non
CIF;sigle;CIF;;8;6;du Handicap et de la Santé;neutre;;;;développé dans 3/6 documents où il apparaît;non
DEF;sigle;DEF;;7;3;agnostic en matière de prolongation d’une mesure de compensation des désavantages;neutre;;;;développé dans 3/3 documents où il apparaît;oui
IPI;sigle;IPI;;7;3;et la mise en place des centres d’intervention précoce intensive;neutre;;;;développé dans 3/3 documents où il apparaît;oui
ARES;sigle;ARES;;7;2;Autismo Risorse e Sviluppo;neutre;;;;développé dans 1/2 documents où il apparaît;non
DFI;sigle;DFI;;6;4;Il a chargé le Département fédéral de l’intérieur;neutre;;;;développé dans 3/4 documents où il apparaît;non
ASPEDA;sigle;ASPEDA;;6;3;et dans l’Association suisse de parents d’enfants déficients auditifs;neutre;;;;développé dans 3/3 documents où il apparaît;oui
SPS;sigle;SPS;;6;2;et en collaboration avec la Section de pédagogie spécialisée;neutre;;;;développé dans 1/2 documents où il apparaît;non
DIP;sigle;DIP;;6;4;de la formation et de la jeunesse;neutre;;;;développé dans 2/4 documents où il apparaît;non
UCBA;sigle;UCBA;;6;2;Union central suisse pour le bien des aveugles;neutre;;;;développé dans 2/2 documents où il apparaît;oui
LCH;sigle;LCH;;5;3;s de l'enquête menée par les syndicats des enseignantes et enseignants alémanique;neutre;;;;développé dans 2/3 documents où il apparaît;non
EASIE;sigle;EASIE;;5;2;Les statistiques de l'Agence;neutre;;;;développé dans 2/2 documents où il apparaît;oui
FEPH;sigle;FEPH;;5;2;Le Forum européen des personnes handicapées;neutre;;;;développé dans 2/2 documents où il apparaît;oui
CPS;sigle;CPS;;5;2;de développer ainsi leurs compétences psychosociales;neutre;;;;développé dans 2/2 documents où il apparaît;oui
PISA;sigle;PISA;;4;2;Programme International pour le Suivi des Acquis des élèves;neutre;;;;développé dans 1/2 documents où il apparaît;non
EPS;sigle;EPS;;4;2;Les chiffres-clés de l’éducation précoce spécialisée;neutre;;;;développé dans 1/2 documents où il apparaît;non
FLS;sigle;FLS;;4;2;ou l’enseignante de Français Langue Étrangère;neutre;;;;développé dans 1/2 documents où il apparaît;non
BYOD;sigle;BYOD;;4;2;ou encore l’introduction récente du Bring your own device;neutre;;;;développé dans 2/2 documents où il apparaît;oui
SRED;sigle;SRED;;3;2;En collaboration avec le Service de la recherche en éducation;neutre;;;;développé dans 1/2 documents où il apparaît;non
SSP;sigle;SSP;;3;2;par le biais de son Service de santé publique;neutre;;;;développé dans 2/2 documents où il apparaît;oui
HAS;sigle;HAS;;3;2;la Haute Autorité de Santé;neutre;;;;développé dans 1/2 documents où il apparaît;non
RIPPH;sigle;RIPPH;;3;3;et défendu par le Réseau international sur le Processus de production du handicap;neutre;;;;développé dans 1/3 documents où il apparaît;non
ERF;sigle;ERF;;3;2;a publié sa statistique de l'Espace romand de la formation;neutre;;;;développé dans 1/2 documents où il apparaît;non
SEFRI;sigle;SEFRI;;3;2;à la recherche et à l'innovation;neutre;;;;développé dans 1/2 documents où il apparaît;non
LAI;sigle;LAI;;3;3;octroyées auparavant en vertu de la Loi fédérale sur l’assurance invalidité;neutre;;;;développé dans 3/3 documents où il apparaît;oui
LIPPI;sigle;LIPPI;;3;2;La Loi fédérale sur les institutions destinées à promouvoir l’intégration;neutre;;;;développé dans 2/2 documents où il apparaît;oui
CFEJ;sigle;CFEJ;;3;2;de cette même définition que la Commission fédérale pour l’enfance et la jeunesse;neutre;;;;développé dans 2/2 documents où il apparaît;oui
CSFP;sigle;CSFP;;3;3;La Conférence suisse des offices de la formation professionnelle;neutre;;;;développé dans 2/3 documents où il apparaît;non
GRP;sigle;GRP;;3;2;je fais partie du Groupe Romand sur le Polyhandicap;neutre;;;;développé dans 1/2 documents où il apparaît;non
AVC;sigle;AVC;;3;2;Qu’arrive-t-il aux compétences langagières lors d’un accident vasculaire cérébral;neutre;;;;développé dans 1/2 documents où il apparaît;non
PES;sigle;PES;;2;2;la Procédure d’évaluation standardisée;neutre;;;;développé dans 2/2 documents où il apparaît;oui
INSHEA;sigle;INSHEA;;2;2;de recherche pour l’éducation des jeunes handicapés et les enseignements adaptés;neutre;;;;développé dans 1/2 documents où il apparaît;non
ALPC;sigle;ALPC;;2;2;Elle est également active dans l’Association pour les langues parlées complétées;neutre;;;;développé dans 2/2 documents où il apparaît;oui
CIVESS;sigle;CIVESS;;2;2;e Contrôle interdisciplinaire des visites en établissements sanitaires et sociaux;neutre;;;;développé dans 1/2 documents où il apparaît;non
COREV;sigle;COREV;;2;2;du Comité de révision des mesures de contrainte en établissements socioéducatifs;neutre;;;;développé dans 1/2 documents où il apparaît;non
SCOPSE;sigle;SCOPSE;;2;2;le service de contrôle des prestations socioéducatives;neutre;;;;développé dans 2/2 documents où il apparaît;oui
ODD;sigle;ODD;;2;2;s données éclairent ainsi la mise en œuvre de l'objectif de développement durable;neutre;;;;développé dans 1/2 documents où il apparaît;non
LISN;sigle;LISN;;2;2;mené par le Laboratoire Interdisciplinaire des Sciences du Numérique;neutre;;;;développé dans 2/2 documents où il apparaît;oui
ESUS;sigle;ESUS;;2;2;en partenariat avec l’Entreprise Solidaire d’Utilité Sociale;neutre;;;;développé dans 2/2 documents où il apparaît;oui
ASS;sigle;ASS;;2;2;Autismus-Spektrum-Störungen;neutre;;;;développé dans 1/2 documents où il apparaît;non
CFPI;sigle;CFPI;;2;2;de la Commission formation professionnelle initiale;neutre;;;;développé dans 1/2 documents où il apparaît;non
PIMD;sigle;PIMD;;2;2;ple l’anglais utilise le terme de Profound Intellectual and Multiple Disabilities;neutre;;;;développé dans 1/2 documents où il apparaît;non
HES;sigle;HES;;42;12;;neutre;;;;sigle jamais développé dans le corpus;non
FIRAH;sigle;FIRAH;;22;8;;neutre;;;;sigle jamais développé dans le corpus;non
DFA;sigle;DFA;;16;5;;neutre;;;;sigle jamais développé dans le corpus;non
CFF;sigle;CFF;;16;4;;neutre;;;;sigle jamais développé dans le corpus;non
HETS;sigle;HETS;;16;6;;neutre;;;;sigle jamais développé dans le corpus;non
OMT;sigle;OMT;;15;3;;neutre;;;;sigle jamais développé dans le corpus;non
UNESCO;sigle;UNESCO;;15;12;;neutre;;;;sigle jamais développé dans le corpus;non
TDA;sigle;TDA;;15;6;;neutre;;;;sigle jamais développé dans le corpus;non
ASP;sigle;ASP;;14;4;;neutre;;;;sigle jamais développé dans le corpus;non
CSP;sigle;CSP;;12;5;;neutre;;;;sigle jamais développé dans le corpus;non
BEJUNE;sigle;BEJUNE;;8;7;;neutre;;;;sigle jamais développé dans le corpus;non
MDH;sigle;MDH;;8;5;;neutre;;;;sigle jamais développé dans le corpus;non
ZEM;sigle;ZEM;;8;3;;neutre;;;;sigle jamais développé dans le corpus;non
UER;sigle;UER;;7;2;;neutre;;;;sigle jamais développé dans le corpus;non
LAVI;sigle;LAVI;;7;2;;neutre;;;;sigle jamais développé dans le corpus;non
FPSE;sigle;FPSE;;6;4;;neutre;;;;sigle jamais développé dans le corpus;non
DSM;sigle;DSM;;6;5;;neutre;;;;sigle jamais développé dans le corpus;non
APA;sigle;APA;;6;4;;neutre;;;;sigle jamais développé dans le corpus;non
RS;sigle;RS;;6;3;;neutre;;;;sigle jamais développé dans le corpus;non
ARTISET;sigle;ARTISET;;6;3;;neutre;;;;sigle jamais développé dans le corpus;non
ASA;sigle;ASA;;6;4;;neutre;;;;sigle jamais développé dans le corpus;non
HM;sigle;HM;;6;3;;neutre;;;;sigle jamais développé dans le corpus;non
SGB;sigle;SGB;;6;2;;neutre;;;;sigle jamais développé dans le corpus;non
LPS;sigle;LPS;;5;3;;neutre;;;;sigle jamais développé dans le corpus;non
QI;sigle;QI;;5;3;;neutre;;;;sigle jamais développé dans le corpus;non
QR;sigle;QR;;4;3;;neutre;;;;sigle jamais développé dans le corpus;non
DPS;sigle;DPS;;4;3;;neutre;;;;sigle jamais développé dans le corpus;non
PLR;sigle;PLR;;4;2;;neutre;;;;sigle jamais développé dans le corpus;non
PACES;sigle;PACES;;4;2;;neutre;;;;sigle jamais développé dans le corpus;non
PNDS;sigle;PNDS;;3;2;;neutre;;;;sigle jamais développé dans le corpus;non
TR;sigle;TR;;3;2;;neutre;;;;sigle jamais développé dans le corpus;non
CSFO;sigle;CSFO;;3;2;;neutre;;;;sigle jamais développé dans le corpus;non
CFC;sigle;CFC;;3;3;;neutre;;;;sigle jamais développé dans le corpus;non
WFD;sigle;WFD;;3;2;;neutre;;;;sigle jamais développé dans le corpus;non
CQFD;sigle;CQFD;;3;2;;neutre;;;;sigle jamais développé dans le corpus;non
LEO;sigle;LEO;;2;2;;neutre;;;;sigle jamais développé dans le corpus;non
LDP;sigle;LDP;;2;2;;neutre;;;;sigle jamais développé dans le corpus;non
AVS;sigle;AVS;;2;2;;neutre;;;;sigle jamais développé dans le corpus;non
DAC;sigle;DAC;;2;2;;neutre;;;;sigle jamais développé dans le corpus;non
ISTE;sigle;ISTE;;2;2;;neutre;;;;sigle jamais développé dans le corpus;non
AFP;sigle;AFP;;2;2;;neutre;;;;sigle jamais développé dans le corpus;non
CDPS;sigle;CDPS;;2;2;;neutre;;;;sigle jamais développé dans le corpus;non
BL;sigle;BL;;2;2;;neutre;;;;sigle jamais développé dans le corpus;non
LUMINA;sigle;LUMINA;;2;2;;neutre;;;;sigle jamais développé dans le corpus;non
REPERIO;sigle;REPERIO;;2;2;;neutre;;;;sigle jamais développé dans le corpus;non
bienêtre;autre;bienêtre;bien-être;64;26;;privilegie;lexique maison (variante orthographique mécanique : accent/trait d'union/espace/casse/point médian, forme majoritaire du corpus);;;;non
burnout;autre;burnout;burn-out;49;7;;privilegie;lexique maison (variante orthographique mécanique : accent/trait d'union/espace/casse/point médian, forme majoritaire du corpus);;;;non
co-enseignement;ecole;co-enseignement;coenseignement;48;11;;privilegie;lexique maison (variante orthographique mécanique : accent/trait d'union/espace/casse/point médian, forme majoritaire du corpus);;;;non
postobligatoire;autre;postobligatoire;post-obligatoire;25;7;;privilegie;lexique maison (variante orthographique mécanique : accent/trait d'union/espace/casse/point médian, forme majoritaire du corpus);;;;non
contre-projet;autre;contre-projet;contreprojet;18;4;;privilegie;lexique maison (variante orthographique mécanique : accent/trait d'union/espace/casse/point médian, forme majoritaire du corpus);;;;non
co-construction;autre;co-construction;coconstruction;11;8;;privilegie;lexique maison (variante orthographique mécanique : accent/trait d'union/espace/casse/point médian, forme majoritaire du corpus);;;;non
L’autoévaluation;methode;L’autoévaluation;l’auto-évaluation;6;4;;privilegie;lexique maison (variante orthographique mécanique : accent/trait d'union/espace/casse/point médian, forme majoritaire du corpus);;;;non
socioéducatifs;autre;socioéducatifs;socio-éducatifs;6;6;;privilegie;lexique maison (variante orthographique mécanique : accent/trait d'union/espace/casse/point médian, forme majoritaire du corpus);;;;non
coconstruire;autre;coconstruire;co-construire;6;4;;privilegie;lexique maison (variante orthographique mécanique : accent/trait d'union/espace/casse/point médian, forme majoritaire du corpus);;;;non
socioéducatif;autre;socioéducatif;socio-éducatif;5;4;;privilegie;lexique maison (variante orthographique mécanique : accent/trait d'union/espace/casse/point médian, forme majoritaire du corpus);;;;non
socio-émotionnel;autre;socio-émotionnel;socioémotionnel;4;4;;privilegie;lexique maison (variante orthographique mécanique : accent/trait d'union/espace/casse/point médian, forme majoritaire du corpus);;;;non
socioéducatives;autre;socioéducatives;socio-éducatives;4;4;;privilegie;lexique maison (variante orthographique mécanique : accent/trait d'union/espace/casse/point médian, forme majoritaire du corpus);;;;non
malêtre;autre;malêtre;mal-être;3;3;;privilegie;lexique maison (variante orthographique mécanique : accent/trait d'union/espace/casse/point médian, forme majoritaire du corpus);;;;non
médico-pédagogique;ecole;médico-pédagogique;médicopédagogique;3;3;;privilegie;lexique maison (variante orthographique mécanique : accent/trait d'union/espace/casse/point médian, forme majoritaire du corpus);;;;non
Co-responsable;autre;Co-responsable;coresponsable;3;3;;privilegie;lexique maison (variante orthographique mécanique : accent/trait d'union/espace/casse/point médian, forme majoritaire du corpus);;;;non
parisnanterre;autre;parisnanterre;paris-nanterre;3;3;;privilegie;lexique maison (variante orthographique mécanique : accent/trait d'union/espace/casse/point médian, forme majoritaire du corpus);;;;non
médico-social;autre;médico-social;médicosocial;3;3;;privilegie;lexique maison (variante orthographique mécanique : accent/trait d'union/espace/casse/point médian, forme majoritaire du corpus);;;;non
personnes;autre;personnes;personne;1603;79;;a_trancher;;;;variantes de nombre (singulier/pluriel) — pas une substitution automatique, la grammaire décide, pas le lexique;non
élèves;ecole;élèves;élève|élevé|élevés;982;63;;a_trancher;;;;variantes de nombre (singulier/pluriel) — pas une substitution automatique, la grammaire décide, pas le lexique;non
handicap;handicap;handicap;handicaps;865;59;;a_trancher;;;;variantes de nombre (singulier/pluriel) — pas une substitution automatique, la grammaire décide, pas le lexique;non
formation;autre;formation;formations;818;70;;a_trancher;;;;variantes de nombre (singulier/pluriel) — pas une substitution automatique, la grammaire décide, pas le lexique;non
situation;autre;situation;situations;706;82;;a_trancher;;;;variantes de nombre (singulier/pluriel) — pas une substitution automatique, la grammaire décide, pas le lexique;non
besoins;autre;besoins;besoin;535;79;;a_trancher;;;;variantes de nombre (singulier/pluriel) — pas une substitution automatique, la grammaire décide, pas le lexique;non
scolaire;ecole;scolaire;scolaires;534;52;;a_trancher;;;;variantes de nombre (singulier/pluriel) — pas une substitution automatique, la grammaire décide, pas le lexique;non
enseignant;ecole;enseignant;enseignants;529;53;;a_trancher;;;;variantes de nombre (singulier/pluriel) — pas une substitution automatique, la grammaire décide, pas le lexique;non
suisse;autre;suisse;suisses;491;86;;a_trancher;;;;variantes de nombre (singulier/pluriel) — pas une substitution automatique, la grammaire décide, pas le lexique;non
classe;ecole;classe;classes|classés|classé;478;54;;a_trancher;;;;variantes de nombre (singulier/pluriel) — pas une substitution automatique, la grammaire décide, pas le lexique;non
mesures;methode;mesures;mesure|mesuré;448;65;;a_trancher;;;;variantes de nombre (singulier/pluriel) — pas une substitution automatique, la grammaire décide, pas le lexique;non
pédagogique;ecole;pédagogique;pédagogiques|pedagogique;439;58;;a_trancher;;;;variantes de nombre (singulier/pluriel) — pas une substitution automatique, la grammaire décide, pas le lexique;non
spécialisée;autre;spécialisée;spécialisées;425;79;;a_trancher;;;;variantes de nombre (singulier/pluriel) — pas une substitution automatique, la grammaire décide, pas le lexique;non
pratiques;autre;pratiques;pratique;421;70;;a_trancher;;;;variantes de nombre (singulier/pluriel) — pas une substitution automatique, la grammaire décide, pas le lexique;non
professionnelles;autre;professionnelles;professionnelle;413;69;;a_trancher;;;;variantes de nombre (singulier/pluriel) — pas une substitution automatique, la grammaire décide, pas le lexique;non
santé;autre;santé;sante;412;44;;a_trancher;;;;variantes de nombre (singulier/pluriel) — pas une substitution automatique, la grammaire décide, pas le lexique;non
compétences;autre;compétences;compétence|competences;369;68;;a_trancher;;;;variantes de nombre (singulier/pluriel) — pas une substitution automatique, la grammaire décide, pas le lexique;non
soutien;autre;soutien;soutiens;354;64;;a_trancher;;;;variantes de nombre (singulier/pluriel) — pas une substitution automatique, la grammaire décide, pas le lexique;non
école;ecole;école;écoles;353;50;;a_trancher;;;;variantes de nombre (singulier/pluriel) — pas une substitution automatique, la grammaire décide, pas le lexique;non
recherche;autre;recherche;recherches;350;57;;a_trancher;;;;variantes de nombre (singulier/pluriel) — pas une substitution automatique, la grammaire décide, pas le lexique;non
inclusive;handicap;inclusive;inclusives;346;51;;a_trancher;;;;variantes de nombre (singulier/pluriel) — pas une substitution automatique, la grammaire décide, pas le lexique;non
troubles;handicap;troubles;trouble;345;57;;a_trancher;;;;variantes de nombre (singulier/pluriel) — pas une substitution automatique, la grammaire décide, pas le lexique;non
enfants;autre;enfants;enfant;329;43;;a_trancher;;;;variantes de nombre (singulier/pluriel) — pas une substitution automatique, la grammaire décide, pas le lexique;non
projet;autre;projet;projets;315;60;;a_trancher;;;;variantes de nombre (singulier/pluriel) — pas une substitution automatique, la grammaire décide, pas le lexique;non
enseignantes;ecole;enseignantes;enseignante;307;53;;a_trancher;;;;variantes de nombre (singulier/pluriel) — pas une substitution automatique, la grammaire décide, pas le lexique;non
mise;autre;mise;mises;306;65;;a_trancher;;;;variantes de nombre (singulier/pluriel) — pas une substitution automatique, la grammaire décide, pas le lexique;non
faire;autre;faire;faires;288;68;;a_trancher;;;;variantes de nombre (singulier/pluriel) — pas une substitution automatique, la grammaire décide, pas le lexique;non
difficultés;autre;difficultés;difficulté;277;71;;a_trancher;;;;variantes de nombre (singulier/pluriel) — pas une substitution automatique, la grammaire décide, pas le lexique;non
site;autre;site;sites;274;25;;a_trancher;;;;variantes de nombre (singulier/pluriel) — pas une substitution automatique, la grammaire décide, pas le lexique;non
place;autre;place;places|placés|placé;273;69;;a_trancher;;;;variantes de nombre (singulier/pluriel) — pas une substitution automatique, la grammaire décide, pas le lexique;non
droits;autre;droits;droit;272;53;;a_trancher;;;;variantes de nombre (singulier/pluriel) — pas une substitution automatique, la grammaire décide, pas le lexique;non
manière;autre;manière;manières;268;79;;a_trancher;;;;variantes de nombre (singulier/pluriel) — pas une substitution automatique, la grammaire décide, pas le lexique;non
ressources;autre;ressources;ressource;266;60;;a_trancher;;;;variantes de nombre (singulier/pluriel) — pas une substitution automatique, la grammaire décide, pas le lexique;non
pédagogie;ecole;pédagogie;pédagogies;263;76;;a_trancher;;;;variantes de nombre (singulier/pluriel) — pas une substitution automatique, la grammaire décide, pas le lexique;non
fait;autre;fait;faits;260;66;;a_trancher;;;;variantes de nombre (singulier/pluriel) — pas une substitution automatique, la grammaire décide, pas le lexique;non
sociale;autre;sociale;sociales;254;60;;a_trancher;;;;variantes de nombre (singulier/pluriel) — pas une substitution automatique, la grammaire décide, pas le lexique;non
développement;autre;développement;développements;253;61;;a_trancher;;;;variantes de nombre (singulier/pluriel) — pas une substitution automatique, la grammaire décide, pas le lexique;non
jeunes;autre;jeunes;jeune;248;35;;a_trancher;;;;variantes de nombre (singulier/pluriel) — pas une substitution automatique, la grammaire décide, pas le lexique;non
outils;methode;outils;outil;239;59;;a_trancher;;;;variantes de nombre (singulier/pluriel) — pas une substitution automatique, la grammaire décide, pas le lexique;non
exemple;autre;exemple;exemples;234;68;;a_trancher;;;;variantes de nombre (singulier/pluriel) — pas une substitution automatique, la grammaire décide, pas le lexique;non
études;autre;études;étude|etude;216;50;;a_trancher;;;;variantes de nombre (singulier/pluriel) — pas une substitution automatique, la grammaire décide, pas le lexique;non
questions;autre;questions;question;214;64;;a_trancher;;;;variantes de nombre (singulier/pluriel) — pas une substitution automatique, la grammaire décide, pas le lexique;non
cadre;autre;cadre;cadres;212;61;;a_trancher;;;;variantes de nombre (singulier/pluriel) — pas une substitution automatique, la grammaire décide, pas le lexique;non
qu’il;autre;qu’il;qu’ils;208;66;;a_trancher;;;;variantes de nombre (singulier/pluriel) — pas une substitution automatique, la grammaire décide, pas le lexique;non
professionnels;autre;professionnels;professionnel;207;52;;a_trancher;;;;variantes de nombre (singulier/pluriel) — pas une substitution automatique, la grammaire décide, pas le lexique;non
étudiantes;autre;étudiantes;étudiante|etudiantes;207;21;;a_trancher;;;;variantes de nombre (singulier/pluriel) — pas une substitution automatique, la grammaire décide, pas le lexique;non
moyens;autre;moyens;moyen;202;65;;a_trancher;;;;variantes de nombre (singulier/pluriel) — pas une substitution automatique, la grammaire décide, pas le lexique;non
résultats;autre;résultats;résultat;200;53;;a_trancher;;;;variantes de nombre (singulier/pluriel) — pas une substitution automatique, la grammaire décide, pas le lexique;non
canton;institution;canton;cantons;199;47;;a_trancher;;;;variantes de nombre (singulier/pluriel) — pas une substitution automatique, la grammaire décide, pas le lexique;non
cours;autre;cours;cour;198;47;;a_trancher;;;;variantes de nombre (singulier/pluriel) — pas une substitution automatique, la grammaire décide, pas le lexique;non
objectifs;autre;objectifs;objectif;197;51;;a_trancher;;;;variantes de nombre (singulier/pluriel) — pas une substitution automatique, la grammaire décide, pas le lexique;non
étudiants;autre;étudiants;étudiant;197;21;;a_trancher;;;;variantes de nombre (singulier/pluriel) — pas une substitution automatique, la grammaire décide, pas le lexique;non
d’autres;autre;d’autres;d’autre;194;67;;a_trancher;;;;variantes de nombre (singulier/pluriel) — pas une substitution automatique, la grammaire décide, pas le lexique;non
d’apprentissage;ecole;d’apprentissage;d’apprentissages;193;45;;a_trancher;;;;variantes de nombre (singulier/pluriel) — pas une substitution automatique, la grammaire décide, pas le lexique;non
personnel;autre;personnel;personnels;193;57;;a_trancher;;;;variantes de nombre (singulier/pluriel) — pas une substitution automatique, la grammaire décide, pas le lexique;non
groupe;autre;groupe;groupes;192;63;;a_trancher;;;;variantes de nombre (singulier/pluriel) — pas une substitution automatique, la grammaire décide, pas le lexique;non
dispositif;methode;dispositif;dispositifs;185;50;;a_trancher;;;;variantes de nombre (singulier/pluriel) — pas une substitution automatique, la grammaire décide, pas le lexique;non
parents;autre;parents;parent;184;42;;a_trancher;;;;variantes de nombre (singulier/pluriel) — pas une substitution automatique, la grammaire décide, pas le lexique;non
soins;autre;soins;soin;184;31;;a_trancher;;;;variantes de nombre (singulier/pluriel) — pas une substitution automatique, la grammaire décide, pas le lexique;non
spécifiques;autre;spécifiques;spécifique;183;59;;a_trancher;;;;variantes de nombre (singulier/pluriel) — pas une substitution automatique, la grammaire décide, pas le lexique;non
contexte;autre;contexte;contextes;182;65;;a_trancher;;;;variantes de nombre (singulier/pluriel) — pas une substitution automatique, la grammaire décide, pas le lexique;non
apprentissages;ecole;apprentissages;apprentissage;181;46;;a_trancher;;;;variantes de nombre (singulier/pluriel) — pas une substitution automatique, la grammaire décide, pas le lexique;non
rapport;autre;rapport;rapports;178;48;;a_trancher;;;;variantes de nombre (singulier/pluriel) — pas une substitution automatique, la grammaire décide, pas le lexique;non
forme;autre;forme;formes|formé|formés;176;65;;a_trancher;;;;variantes de nombre (singulier/pluriel) — pas une substitution automatique, la grammaire décide, pas le lexique;non
effet;autre;effet;effets;174;63;;a_trancher;;;;variantes de nombre (singulier/pluriel) — pas une substitution automatique, la grammaire décide, pas le lexique;non
participation;autre;participation;participations;173;52;;a_trancher;;;;variantes de nombre (singulier/pluriel) — pas une substitution automatique, la grammaire décide, pas le lexique;non
ordinaire;autre;ordinaire;ordinaires;172;36;;a_trancher;;;;variantes de nombre (singulier/pluriel) — pas une substitution automatique, la grammaire décide, pas le lexique;non
conditions;autre;conditions;condition;169;58;;a_trancher;;;;variantes de nombre (singulier/pluriel) — pas une substitution automatique, la grammaire décide, pas le lexique;non
œuvre;autre;œuvre;œuvres;167;56;;a_trancher;;;;variantes de nombre (singulier/pluriel) — pas une substitution automatique, la grammaire décide, pas le lexique;non
facteurs;autre;facteurs;facteur;164;46;;a_trancher;;;;variantes de nombre (singulier/pluriel) — pas une substitution automatique, la grammaire décide, pas le lexique;non
éducatifs;autre;éducatifs;éducatif;164;50;;a_trancher;;;;variantes de nombre (singulier/pluriel) — pas une substitution automatique, la grammaire décide, pas le lexique;non
services;institution;services;service;163;57;;a_trancher;;;;variantes de nombre (singulier/pluriel) — pas une substitution automatique, la grammaire décide, pas le lexique;non
revue;autre;revue;revues;162;76;;a_trancher;;;;variantes de nombre (singulier/pluriel) — pas une substitution automatique, la grammaire décide, pas le lexique;non
compte;autre;compte;comptes|compté;160;64;;a_trancher;;;;variantes de nombre (singulier/pluriel) — pas une substitution automatique, la grammaire décide, pas le lexique;non
numérique;autre;numérique;numériques;158;31;;a_trancher;;;;variantes de nombre (singulier/pluriel) — pas une substitution automatique, la grammaire décide, pas le lexique;non
défis;autre;défis;défi;158;48;;a_trancher;;;;variantes de nombre (singulier/pluriel) — pas une substitution automatique, la grammaire décide, pas le lexique;non
propose;autre;propose;proposé|proposés;158;52;;a_trancher;;;;variantes de nombre (singulier/pluriel) — pas une substitution automatique, la grammaire décide, pas le lexique;non
données;autre;données;donnée;158;45;;a_trancher;;;;variantes de nombre (singulier/pluriel) — pas une substitution automatique, la grammaire décide, pas le lexique;non
années;autre;années;année;157;56;;a_trancher;;;;variantes de nombre (singulier/pluriel) — pas une substitution automatique, la grammaire décide, pas le lexique;non
prise;autre;prise;prises;156;56;;a_trancher;;;;variantes de nombre (singulier/pluriel) — pas une substitution automatique, la grammaire décide, pas le lexique;non
collaboration;autre;collaboration;collaborations;156;46;;a_trancher;;;;variantes de nombre (singulier/pluriel) — pas une substitution automatique, la grammaire décide, pas le lexique;non
différents;autre;différents;différent|diffèrent;153;65;;a_trancher;;;;variantes de nombre (singulier/pluriel) — pas une substitution automatique, la grammaire décide, pas le lexique;non
présente;autre;présente;présentés|présenté|présentes;153;53;;a_trancher;;;;variantes de nombre (singulier/pluriel) — pas une substitution automatique, la grammaire décide, pas le lexique;non
Figure;autre;Figure;figures;153;38;;a_trancher;;;;variantes de nombre (singulier/pluriel) — pas une substitution automatique, la grammaire décide, pas le lexique;non
approche;methode;approche;approches;152;51;;a_trancher;;;;variantes de nombre (singulier/pluriel) — pas une substitution automatique, la grammaire décide, pas le lexique;non
qu’elle;autre;qu’elle;qu’elles;151;58;;a_trancher;;;;variantes de nombre (singulier/pluriel) — pas une substitution automatique, la grammaire décide, pas le lexique;non
particuliers;autre;particuliers;particulier;148;58;;a_trancher;;;;variantes de nombre (singulier/pluriel) — pas une substitution automatique, la grammaire décide, pas le lexique;non
programme;methode;programme;programmes|programmés;148;44;;a_trancher;;;;variantes de nombre (singulier/pluriel) — pas une substitution automatique, la grammaire décide, pas le lexique;non
différentes;autre;différentes;différente;147;56;;a_trancher;;;;variantes de nombre (singulier/pluriel) — pas une substitution automatique, la grammaire décide, pas le lexique;non
nécessaire;autre;nécessaire;nécessaires;147;64;;a_trancher;;;;variantes de nombre (singulier/pluriel) — pas une substitution automatique, la grammaire décide, pas le lexique;non
rôle;autre;rôle;rôles|role;146;52;;a_trancher;;;;variantes de nombre (singulier/pluriel) — pas une substitution automatique, la grammaire décide, pas le lexique;non
domaine;autre;domaine;domaines;146;54;;a_trancher;;;;variantes de nombre (singulier/pluriel) — pas une substitution automatique, la grammaire décide, pas le lexique;non
système;autre;système;systèmes;145;54;;a_trancher;;;;variantes de nombre (singulier/pluriel) — pas une substitution automatique, la grammaire décide, pas le lexique;non
politiques;institution;politiques;politique;143;32;;a_trancher;;;;variantes de nombre (singulier/pluriel) — pas une substitution automatique, la grammaire décide, pas le lexique;non
Conseil;institution;Conseil;conseils;143;36;;a_trancher;;;;variantes de nombre (singulier/pluriel) — pas une substitution automatique, la grammaire décide, pas le lexique;non
possible;autre;possible;possibles;141;60;;a_trancher;;;;variantes de nombre (singulier/pluriel) — pas une substitution automatique, la grammaire décide, pas le lexique;non
famille;autre;famille;familles;141;42;;a_trancher;;;;variantes de nombre (singulier/pluriel) — pas une substitution automatique, la grammaire décide, pas le lexique;non
connaissances;autre;connaissances;connaissance;141;51;;a_trancher;;;;variantes de nombre (singulier/pluriel) — pas une substitution automatique, la grammaire décide, pas le lexique;non
lien;autre;lien;liens;140;48;;a_trancher;;;;variantes de nombre (singulier/pluriel) — pas une substitution automatique, la grammaire décide, pas le lexique;non
pouvoir;autre;pouvoir;pouvoirs;139;46;;a_trancher;;;;variantes de nombre (singulier/pluriel) — pas une substitution automatique, la grammaire décide, pas le lexique;non
article;autre;article;articles;139;58;;a_trancher;;;;variantes de nombre (singulier/pluriel) — pas une substitution automatique, la grammaire décide, pas le lexique;non
environnement;autre;environnement;environnements;139;45;;a_trancher;;;;variantes de nombre (singulier/pluriel) — pas une substitution automatique, la grammaire décide, pas le lexique;non
capacité;autre;capacité;capacités;137;50;;a_trancher;;;;variantes de nombre (singulier/pluriel) — pas une substitution automatique, la grammaire décide, pas le lexique;non
centre;institution;centre;centres|centré|centrés;137;50;;a_trancher;;;;variantes de nombre (singulier/pluriel) — pas une substitution automatique, la grammaire décide, pas le lexique;non
risque;autre;risque;risques;137;44;;a_trancher;;;;variantes de nombre (singulier/pluriel) — pas une substitution automatique, la grammaire décide, pas le lexique;non
mentale;handicap;mentale;mentales;137;25;;a_trancher;;;;variantes de nombre (singulier/pluriel) — pas une substitution automatique, la grammaire décide, pas le lexique;non
relations;autre;relations;relation;136;42;;a_trancher;;;;variantes de nombre (singulier/pluriel) — pas une substitution automatique, la grammaire décide, pas le lexique;non
secondaire;autre;secondaire;secondaires;136;24;;a_trancher;;;;variantes de nombre (singulier/pluriel) — pas une substitution automatique, la grammaire décide, pas le lexique;non
stratégies;methode;stratégies;stratégie|strategies;135;43;;a_trancher;;;;variantes de nombre (singulier/pluriel) — pas une substitution automatique, la grammaire décide, pas le lexique;non
comportements;autre;comportements;comportement;135;36;;a_trancher;;;;variantes de nombre (singulier/pluriel) — pas une substitution automatique, la grammaire décide, pas le lexique;non
activités;autre;activités;activité;134;49;;a_trancher;;;;variantes de nombre (singulier/pluriel) — pas une substitution automatique, la grammaire décide, pas le lexique;non
maltraitance;autre;maltraitance;maltraitances;133;13;;a_trancher;;;;variantes de nombre (singulier/pluriel) — pas une substitution automatique, la grammaire décide, pas le lexique;non
d’enseignement;ecole;d’enseignement;d’enseignements;132;46;;a_trancher;;;;variantes de nombre (singulier/pluriel) — pas une substitution automatique, la grammaire décide, pas le lexique;non
nombre;autre;nombre;nombres;129;50;;a_trancher;;;;variantes de nombre (singulier/pluriel) — pas une substitution automatique, la grammaire décide, pas le lexique;non
point;autre;point;points;128;56;;a_trancher;;;;variantes de nombre (singulier/pluriel) — pas une substitution automatique, la grammaire décide, pas le lexique;non
charge;autre;charge;chargés|chargé|charges;127;44;;a_trancher;;;;variantes de nombre (singulier/pluriel) — pas une substitution automatique, la grammaire décide, pas le lexique;non
réponses;autre;réponses;réponse;126;52;;a_trancher;;;;variantes de nombre (singulier/pluriel) — pas une substitution automatique, la grammaire décide, pas le lexique;non
spécialisé;autre;spécialisé;spécialisés;126;40;;a_trancher;;;;variantes de nombre (singulier/pluriel) — pas une substitution automatique, la grammaire décide, pas le lexique;non
partie;autre;partie;parties;126;59;;a_trancher;;;;variantes de nombre (singulier/pluriel) — pas une substitution automatique, la grammaire décide, pas le lexique;non
perspective;autre;perspective;perspectives;124;46;;a_trancher;;;;variantes de nombre (singulier/pluriel) — pas une substitution automatique, la grammaire décide, pas le lexique;non
désavantages;autre;désavantages;désavantage;124;22;;a_trancher;;;;variantes de nombre (singulier/pluriel) — pas une substitution automatique, la grammaire décide, pas le lexique;non
termes;autre;termes;terme;123;55;;a_trancher;;;;variantes de nombre (singulier/pluriel) — pas une substitution automatique, la grammaire décide, pas le lexique;non
plan;autre;plan;plans;123;51;;a_trancher;;;;variantes de nombre (singulier/pluriel) — pas une substitution automatique, la grammaire décide, pas le lexique;non
première;autre;première;premières;122;54;;a_trancher;;;;variantes de nombre (singulier/pluriel) — pas une substitution automatique, la grammaire décide, pas le lexique;non
continue;autre;continue;continues|continué;121;38;;a_trancher;;;;variantes de nombre (singulier/pluriel) — pas une substitution automatique, la grammaire décide, pas le lexique;non
langue;autre;langue;langues;121;33;;a_trancher;;;;variantes de nombre (singulier/pluriel) — pas une substitution automatique, la grammaire décide, pas le lexique;non
savoir;autre;savoir;savoirs;120;41;;a_trancher;;;;variantes de nombre (singulier/pluriel) — pas une substitution automatique, la grammaire décide, pas le lexique;non
équipes;autre;équipes;équipe|équipés|equipe;118;36;;a_trancher;;;;variantes de nombre (singulier/pluriel) — pas une substitution automatique, la grammaire décide, pas le lexique;non
modèle;methode;modèle;modèles;117;42;;a_trancher;;;;variantes de nombre (singulier/pluriel) — pas une substitution automatique, la grammaire décide, pas le lexique;non
informations;autre;informations;information;116;42;;a_trancher;;;;variantes de nombre (singulier/pluriel) — pas une substitution automatique, la grammaire décide, pas le lexique;non
tâches;autre;tâches;tâche;116;33;;a_trancher;;;;variantes de nombre (singulier/pluriel) — pas une substitution automatique, la grammaire décide, pas le lexique;non
besoins particuliers;autre;besoins particuliers;besoins éducatifs particuliers;0;0;;a_trancher;brief 21.09.2026;;;synonymes cités par le brief, non comptés automatiquement;non
d’une;autre;d’une;;536;81;;neutre;;Certains sont liés, d’une manière ou d’une autre, au constat de l’hétérogénéité dans la classe.;Toutefois, les tensions semblent perpétuelles, entre des velléités d’une école pour toutes et tous et la faisabilité d’une institution ouverte à la diversité (Graham et al., 2023).;;non
al;autre;al;;483;68;;neutre;;Cependant, vu les diverses actualités, il nous a semblé plus intéressant de réorienter le dossier pour mettre l’accent sur des pratiques plus globales et pouvant bénéficier à l’ensemble du groupe classe.;Il n’est pas rare de voir dans certaines classes de nombreux élèves bénéficiant d’adaptations ou d’un soutien pédagothérapeutique individualisé.;;non
d’un;autre;d’un;;432;82;;neutre;;Le projet de l’école inclusive relève d’un défi dont la taille a parfois été sous-estimée.;Il n’est pas rare de voir dans certaines classes de nombreux élèves bénéficiant d’adaptations ou d’un soutien pédagothérapeutique individualisé.;;non
personne;autre;personne;;387;62;;neutre;;Les méthodes intégratives pour répondre à l’hétérogénéité peuvent agir soit directement sur la personne soit indirectement, au niveau de la classe, auprès du corps enseignant ou encore de la famille.;"Nous pourrions envisager ici que l’école s’engage à développer des capabilités – au sens de possibilités effectives qu’une personne a de choisir ses modes de fonctionnement (Hart, 2012 ; Nussbaum, 2011) – et pas uniquement des connaissances et des compétences.";;non
l’école;ecole;l’école;;356;50;;neutre;;Je pourrais les résumer ainsi : l’école inclusive ne fonctionne pas, il faut stopper le mouvement.;Faire porter tous les maux de l’école d’aujourd’hui à l’inclusion, sachant que l’hétérogénéité est une composante fondamentale de la nature humaine, est un non-sens.;;non
corps;autre;corps;;331;58;;neutre;;Elle est probablement l’un des facteurs qui amène directement et indirectement une certaine charge pour le corps enseignant.;Les méthodes intégratives pour répondre à l’hétérogénéité peuvent agir soit directement sur la personne soit indirectement, au niveau de la classe, auprès du corps enseignant ou encore de la famille.;;non
peut;autre;peut;;318;78;;neutre;;La CUA n’est donc ni une vision de l’éducation pensée pour un degré scolaire en particulier ni une recette à appliquer, mais bien une philosophie avec laquelle une diversité de pratiques pédagogiques et institutionnelles peut émerger.;Les recherches visant à confirmer l’efficacité de la CUA sont actuellement limitées, en partie parce qu’il est questionnable si oui ou non la CUA dans sa globalité peut réellement faire l’objet d’une mise à l’épreuve. (traduit de De Bruyckere et al., 2020, p.;;non
deux;autre;deux;;310;71;;neutre;;Elles ont ensuite participé à deux modules en présentiel, respectivement de 2h30 et de 2h00, sur l’utilisation du modèle Word et des macros du CTAA.;Entre les deux temps de mesure, trois critères ont subi un léger recul (< à 5 %) : C3.;;non
communication;autre;communication;;309;47;;neutre;;Il s’agit d’assurer l’accès (1) à l'environnement physique, (2) aux transports, (3) à l'information et à la communication ainsi qu'à (4) d'autres infrastructures et services à disposition publiquement, en identifiant et éliminant les obstacles et barrières rencontrées (art.;Dans les contextes éducatif et scolaire, l’accessibilité concernera la levée des barrières physiques (accessibilité architecturalle) ainsi que les barrières liées à l’accès à l’information et à la communication.;;non
temps;autre;temps;;273;70;;neutre;;En Suisse, l’intervention des pédagogues spécialisés s’est petit à petit déplacée ou élargie avec le temps.;Dans un premier temps, nous avions prévu de centrer ce dossier thématique sur les technologies d’aides (TA) et les difficultés d’apprentissage, qui sont typiquement de l’ordre de l’intervention directe, individuelle.;;non
vie;autre;vie;;273;57;;neutre;;L’accessibilité est le fait de prendre les mesures appropriées afin de permettre aux personnes en situation de handicap de vivre de manière indépendante et de participer pleinement à tous les aspects de la vie.;La capacité d’autodétermination est le meilleur gage de qualité de vie qui soit.;;non
c’est;autre;c’est;;267;70;;neutre;;Passant de prestations principalement fournies hors du système scolaire, dans des institutions spécialisées, à des pratiques actuelles, de plus en plus proches du coenseignement in situ, c’est-à-dire en classe régulière.;C’est bien l’idée de générer (« conception ») des expériences de sorte que chacune et chacun (« universelle ») puisse trouver le nécessaire pour son développement et sa participation scolaire (« apprentissage »).;;non
non;autre;non;;266;72;;neutre;;Non, ce n’est un appel à supprimer les mesures individuelles !;Certes, des mécanismes administratifs régulent l’accès à ces interventions pédagothérapeutiques, afin de rester dans les couts, d’éviter les délégations de charges non justifiées et de veiller à ce que les compétences restent dans la classe.;;non
également;autre;également;;260;67;;neutre;;Au-delà du mot lié à l’objet « aidant », c’est également une conception de l’intelligence, le statut et le droit à l’erreur, qui doivent parfois évoluer dans les discours.;Les enseignantes ont également appliqué les recommandations concernant l’alignement, la suppression des éléments flottants et la qualité des images porteuses de sens, et, dans une moindre mesure, ont été attentives au contraste ou encore au sens de lecture.;;non
corps enseignant;ecole;corps enseignant;;247;44;;neutre;;Elle est probablement l’un des facteurs qui amène directement et indirectement une certaine charge pour le corps enseignant.;Les méthodes intégratives pour répondre à l’hétérogénéité peuvent agir soit directement sur la personne soit indirectement, au niveau de la classe, auprès du corps enseignant ou encore de la famille.;;non
ayant;autre;ayant;;234;63;;neutre;;Dans le contexte éducatif nord-américain ayant des contraintes et des contingences différentes, d’autres fonctionnements ont émergé pour participer au projet de l’école inclusive.;Et il en va de même des élèves ayant un trouble ou une déficience – pouvant occasionner une situation de handicap – ou qui traversent une période plus difficile (immigration, maladie, contexte familial instable, difficultés d’apprentissage temporaire, etc.).;;non
peuvent;autre;peuvent;;230;61;;neutre;;Les méthodes intégratives pour répondre à l’hétérogénéité peuvent agir soit directement sur la personne soit indirectement, au niveau de la classe, auprès du corps enseignant ou encore de la famille.;Tout d’abord, la CUA amène quelques craintes qui peuvent rendre difficile toute transposition concrète (Senécal et al., 2018).;;non
trois;autre;trois;;222;62;;neutre;;Elle propose de concevoir l’apprentissage au travers de trois grands principes (Bergeron et al., 2011).;Entre les deux temps de mesure, trois critères ont subi un léger recul (< à 5 %) : C3.;;non
l’enseignement;ecole;l’enseignement;;217;49;;neutre;;J’invite les politiciennes et politiciens qui souhaitent faire marche arrière à soutenir les différents acteurs de l’enseignement dans la résolution de ces points de tensions.;Qui n’a pas choisi le métier de l’enseignement dans le but de permettre à chaque élève de grandir, de se développer, de s’émanciper ?;;non
ch;autre;ch;;214;75;;neutre;;"------------------ ----------------------------------------------------
  []                 Robin Morand
                     Collaborateur scientifique SZH/CSPS
                     robin.morand@csps.ch";"HEP
  HEP|PH FR & Unifr, Fribourg
  lionel.alvarez@unifr.ch";;non
enseignants;ecole;enseignants;;213;45;;neutre;;Comme le relève le sondage du SER et de LCH sur la satisfaction professionnelle des enseignantes et enseignants, il existe un certain nombre de points de tension.;En effet, les enseignantes et enseignants qui ont traduit la CUA dans leurs pratiques rapportent généralement un déplacement de la charge – plus d’anticipation – sans qu’au final celle-ci soit plus grande.;;non
pédagogie spécialisée;ecole;pédagogie spécialisée;;211;76;;neutre;;Revue Suisse de Pédagogie Spécialisée, Vol.;Pour la pédagogie, c’est le passage d’une réponse à des individus – propre à la différenciation (ou du moins, à certaines définitions de la différenciation) – à une approche proactive où la pluralité est la norme (Proyer et al., 2021).;;non
souvent;autre;souvent;;209;62;;neutre;;Quelques fois, il était vécu comme un défi quasi insurmontable, souvent résolu en copiant les camarades.;Les élèves déclarés à besoins éducatifs particuliers qui font usage d’aides numériques en classe sont souvent conduits à emprunter des voies d’apprentissage singulières.;;non
pédagogiques;ecole;pédagogiques;;208;48;;neutre;;La CUA n’est donc ni une vision de l’éducation pensée pour un degré scolaire en particulier ni une recette à appliquer, mais bien une philosophie avec laquelle une diversité de pratiques pédagogiques et institutionnelles peut émerger.;En effet, il est pragmatiquement impossible pour le corps enseignant de concevoir 25 programmes scolaires adaptés, pour des raisons de distribution de l’attention, de planification ou de relations pédagogiques (Galkiene & Monkeviciene, 2021), dans une école où chaque élève est singulier.;;non
professionnelle;autre;professionnelle;;194;47;;neutre;;Comme le relève le sondage du SER et de LCH sur la satisfaction professionnelle des enseignantes et enseignants, il existe un certain nombre de points de tension.;Bien plus qu’un changement de stratégie éducative, cette modification implique un remaniement profond de posture et de conscience professionnelle et humaine dans la relation d’aide.;;non
permet;autre;permet;;193;63;;neutre;;L’articulation détaillée de l’outil permet de repérer les points d’amélioration possibles d’un programme et d’initier ainsi un processus de réflexion et de développement personnel du corps enseignant (Basham et al., 2020a).;Compte tenu de ces résultats encourageants, une traduction et une adaptation interculturelle permet d’élargir l’observation des effets de la CUA dans des classes francophones et italophones de Suisse.;;non
l’inclusion;handicap;l’inclusion;;192;46;;neutre;;Faire porter tous les maux de l’école d’aujourd’hui à l’inclusion, sachant que l’hétérogénéité est une composante fondamentale de la nature humaine, est un non-sens.;L’intégration et l’inclusion sont des réponses à des individus, la CUA est une conception d’un environnement d’apprentissage diversifié (Proyer et al., 2021).;;non
l’élève;ecole;l’élève;;189;33;;neutre;;Répondre aux injonctions institutionnelles et aux besoins de l’élève, les tensions semblent parfois insurmontables.;L’élève doit faire des choix et se responsabiliser pour apprendre selon des objectifs identifiés et un environnement ouvert.;;non
situations;autre;situations;;173;57;;neutre;;Elles resteront toujours indispensables dans certaines situations.;Enfin, nous tenterons à partir de ces constats de faire émerger deux pistes réflexives pouvant contribuer à une meilleure intégration de ces outils de compensation dans des situations d’enseignement-apprentissage.;;non
scolaires;ecole;scolaires;;166;46;;neutre;;Régulièrement, ces aspirations se confrontent à des contraintes institutionnelles ou des cultures scolaires ne permettant plus de voir cette émancipation potentielle dans le quotidien pédagogique.;En effet, il est pragmatiquement impossible pour le corps enseignant de concevoir 25 programmes scolaires adaptés, pour des raisons de distribution de l’attention, de planification ou de relations pédagogiques (Galkiene & Monkeviciene, 2021), dans une école où chaque élève est singulier.;;non
ans;autre;ans;;160;49;;neutre;;Depuis trente ans, le domaine de la pédagogie spécialisée a évolué et accorde une attention toujours plus croissante aux politiques d’inclusion pour les élèves bénéficiant d’un soutien éducatif (United Nations Educational, Scientific and Cultural Organization [UNESCO], 1994).;Cette recherche, caractérisée par un plan quasi-expérimental avec pretest, posttest et follow-up deux ans après la fin du projet, impliquait seize personnes présentant une déficience intellectuelle et treize éducatrices et éducateurs.;;non
l’ensemble;autre;l’ensemble;;158;57;;neutre;;Cependant, vu les diverses actualités, il nous a semblé plus intéressant de réorienter le dossier pour mettre l’accent sur des pratiques plus globales et pouvant bénéficier à l’ensemble du groupe classe.;Le CPHV a donc cherché à diffuser son expertise en accessibilité à plus large échelle en proposant au corps enseignant de l’école régulière une formation pour apprendre à concevoir des documents plus inclusifs pour le bénéfice de l’ensemble des élèves.;;non
n’est;autre;n’est;;157;64;;neutre;;La question n’est donc pas de se demander comment faire du particularisme avec les personnes qui seraient « trop hétérogènes », mais comment répondre à l’hétérogénéité naturelle en classe.;Non, ce n’est un appel à supprimer les mesures individuelles !;;non
écoles;ecole;écoles;;151;31;;neutre;;"Cela n’est assurément pas compatible avec l’imputabilité que les gestions de l’école publique pourraient souhaiter dans des perspectives de new management (Lillejord, 2020 ; Verger et al., 2021), certes encore peu présent dans les écoles suisses (Högberg & Lindgren, 2021).";Les cantons limitent volontairement leurs revendications au financement de base, c’est-à-dire aux contributions de base versées aux universités et aux hautes écoles spécialisées, ainsi qu’aux subventions forfaitaires destinées à la formation professionnelle.;;non
classes;ecole;classes;;150;34;;neutre;;À l’heure actuelle, l’hétérogénéité dans les classes est indéniable.;Il n’est pas rare de voir dans certaines classes de nombreux élèves bénéficiant d’adaptations ou d’un soutien pédagothérapeutique individualisé.;;non
j’ai;autre;j’ai;;149;21;;neutre;;Ces deux malentendus les font renoncer à exercer leur droit de vote, se percevant comme non capables (« Je vote faux ») et illégitimes (« J’ai une trisomie moi ! ») ou en remettant en cause la portée du vote (« Si cela ne change pas [tout de suite], cela ne sert à rien ! »).;J’ai donc eu la chance d’effectuer mon parcours scolaire et de formation en intégration.;;non
https;autre;https;;146;20;;neutre;;Comme le montre la Figure 1, la CUA s’articule autour de trois grands principes, déclinés en neuf lignes directrices qui sont composées de plusieurs points de contrôle (https://udlguidelines.cast.org/).;Remedial and Special Education, 41(4), 231-243. https://doi.org/10.1177/0741932520908015;;non
comprendre;autre;comprendre;;145;48;;neutre;;"Les items qui ont été signalés comme difficiles à comprendre ou à observer par les participantes et participants ont été reformulés en s’appuyant sur les principes d’équivalence interculturelle (Beaton et al., 2007 ; Corbière & Fraccaroli, 2020).";"Enfin, le recours à une aide numérique peut aussi être la source d’autres types d’apprentissages, qui ne sont ni connus ni anticipés par le corps enseignant ; par exemple, les élèves peuvent découvrir de nouveaux centres d’intérêt ou encore comprendre d’autres manières de mémoriser.";;non
compensation;autre;compensation;;142;20;;neutre;;Enfin, nous tenterons à partir de ces constats de faire émerger deux pistes réflexives pouvant contribuer à une meilleure intégration de ces outils de compensation dans des situations d’enseignement-apprentissage.;L’octroi des aides numériques à titre individuel s’effectue le plus souvent alors que des aménagements pédagogiques, entendus comme compensation des désavantages, sont déjà déployés en classe.;;non
soit;autre;soit;;141;67;;neutre;;Les méthodes intégratives pour répondre à l’hétérogénéité peuvent agir soit directement sur la personne soit indirectement, au niveau de la classe, auprès du corps enseignant ou encore de la famille.;Cette réalité interroge plusieurs aspects, que ça soit la charge induite par la coordination de la multiplicité d’interventions ou encore la capacité effective du système scolaire à accueillir une diversité d’élèves aux profils pluriels (Hornby & Kauffman, 2023).;;non
l’éducation;autre;l’éducation;;139;37;;neutre;;La CUA n’est donc ni une vision de l’éducation pensée pour un degré scolaire en particulier ni une recette à appliquer, mais bien une philosophie avec laquelle une diversité de pratiques pédagogiques et institutionnelles peut émerger.;Une manière de présenter simplement cette vision de l’éducation et de la formation défendue par la CUA serait peut-être de décrire la temporalité dans la conception des environnements d’apprentissage.;;non
etc;autre;etc;;137;39;;neutre;;Pour cette étape finale, une trentaine de vidéos de leçons d’apprentissage en français et en italien sont analysées à l’aide du questionnaire UDL-OMT en vue de tester ses qualités psychométriques (cohérence interne, fidélité interjuge, etc.).;Et il en va de même des élèves ayant un trouble ou une déficience – pouvant occasionner une situation de handicap – ou qui traversent une période plus difficile (immigration, maladie, contexte familial instable, difficultés d’apprentissage temporaire, etc.).;;non
peu;autre;peu;;136;59;;neutre;;Mais, cette autre manière d’aborder la diversité des élèves mérite de s’y intéresser pour peut-être s’en inspirer quelque peu et interroger tant les pratiques enseignantes que les fonctionnements institutionnels.;Toutefois, ces travaux scientifiques restent trop peu nombreux pour justifier un déploiement large de la CUA à tous les niveaux.;;non
social;autre;social;;135;38;;neutre;;Elle comprend alors que le parcours n’est pas si évident et que gravir l’ascenseur social est un réel défi.;Détenteurs d’un rôle social central, la « maitresse » ou « le maitre » jouissaient autrefois d’une influence incontestée, qui dépassait le cadre scolaire.;;non
présentant;autre;présentant;;132;39;;neutre;;L’enseignement de la lecture aux élèves présentant une DI et des BCC nécessite des adaptations spécifiques.;Former les personnes présentant une déficience intellectuelle pour développer ou renforcer leurs compétences d’autodétermination;;non
mettre;autre;mettre;;127;60;;neutre;;Cependant, vu les diverses actualités, il nous a semblé plus intéressant de réorienter le dossier pour mettre l’accent sur des pratiques plus globales et pouvant bénéficier à l’ensemble du groupe classe.;-   La crainte de devoir mettre régulièrement les élèves face à des écrans, en individuel.;;non
répondre;autre;répondre;;124;54;;neutre;;La question n’est donc pas de se demander comment faire du particularisme avec les personnes qui seraient « trop hétérogènes », mais comment répondre à l’hétérogénéité naturelle en classe.;Les méthodes intégratives pour répondre à l’hétérogénéité peuvent agir soit directement sur la personne soit indirectement, au niveau de la classe, auprès du corps enseignant ou encore de la famille.;;non
fois;autre;fois;;120;53;;neutre;;-   La crainte d’un accroissement de la charge de travail qui, une fois les changements d’organisation opérés, ne semble pas fondée.;Une réduction de la charge de travail et du stress est parfois documentée une fois que les pratiques orientées CUA sont en place (Katz, 2015).;;non
mieux;autre;mieux;;120;51;;neutre;;Ainsi, chacun et chacune peut en prendre connaissance par le moyen qui lui convient le mieux.;Chaque apprenante et apprenant est ensuite libre de choisir le moyen ou la manière qui lui convient le mieux pour réaliser la tâche.;;non
mesure;methode;mesure;;119;44;;neutre;;Entre les deux temps de mesure, trois critères ont subi un léger recul (< à 5 %) : C3.;Les enseignantes ont également appliqué les recommandations concernant l’alignement, la suppression des éléments flottants et la qualité des images porteuses de sens, et, dans une moindre mesure, ont été attentives au contraste ou encore au sens de lecture.;;non
personnes handicapées;handicap;personnes handicapées;;118;36;;neutre;;Cette évolution est soutenue entre autres par la Convention des Nations unies relative aux droits des personnes handicapées (CDPH) de l’Organisation des Nations Unies (ONU, 2006) et la Déclaration de Salamanque de l’UNESCO (1994).;En 2014, la Suisse a ratifié la Convention de l'ONU relative aux droits des personnes handicapées et s’est donc engagée à mettre en œuvre l’école inclusive (art.;;non
di;autre;di;;117;15;;neutre;;La différenciation pédagogique renvoie à des ancrages théoriques et pratiques hétérogènes, ce qui ne facilite pas le travail de délimitation du champ (Forget & Lehraus, 2015).;Environ un tiers des élèves ayant une déficience intellectuelle (DI) présentent des besoins complexes en communication (BCC) (Beukelman & Light, 2020).;;non
csps;autre;csps;;115;26;;neutre;;"------------------ ----------------------------------------------------
  []                 Robin Morand
                     Collaborateur scientifique SZH/CSPS
                     robin.morand@csps.ch";La CDIP a en effet chargé le Centre suisse de pédagogie spécialisée (CSPS) de « parvenir à une compréhension commune des dispositions à prendre en termes d’accessibilité (mesures collectives) et de compensation des désavantages (ajustements individualisés) » (p.;;non
tant;autre;tant;;114;56;;neutre;;Mais, cette autre manière d’aborder la diversité des élèves mérite de s’y intéresser pour peut-être s’en inspirer quelque peu et interroger tant les pratiques enseignantes que les fonctionnements institutionnels.;en tant que philosophie ou idéologie, il y a beaucoup à discuter à propos de la CUA, même si les principes sous-jacents de cette approche sont certainement étayés par un certain nombre de preuves.;;non
choix;autre;choix;;114;42;;neutre;;3), dans laquelle chaque apprenante et apprenant aura l’espace pour opérer des choix, se responsabiliser et grandir.;43), la CUA invite à la dénormalisation (Bergeron et al., 2011) et à l’intégration de flexibilité dans les curriculums (CAST, 2024), laissant une place importante aux choix des apprenantes et apprenants (Murawski & Ricci, 2019) et donc leur responsabilisation.;;non
compréhension;autre;compréhension;;113;49;;neutre;;3.  accompagner les élèves dans la compréhension des attentes, la sélection des ressources et le témoignage des compétences développées.;Une fois que l’analyse des quatre traductions inversées a été effectuée, il en est ressorti que certains items traduits posaient des problèmes de compréhension et d’applicabilité en français et en italien.;;non
droit;autre;droit;;112;38;;neutre;;-   Le droit perçu de proposer un environnement pluriel et de laisser des choix.;Au-delà du mot lié à l’objet « aidant », c’est également une conception de l’intelligence, le statut et le droit à l’erreur, qui doivent parfois évoluer dans les discours.;;non
élève;ecole;élève;;111;31;;neutre;;Qui n’a pas choisi le métier de l’enseignement dans le but de permettre à chaque élève de grandir, de se développer, de s’émanciper ?;Parfois présentée comme « une avenue éducative prometteuse […] pour la prise en compte de la diversité fonctionnelle des élèves » (Tremplay, 2013, p.;;non
polyhandicap;handicap;polyhandicap;;111;19;;neutre;;Polyhandicap – Rapport d’expertise de l’Inserm;Ce rapport présente les travaux du groupe d’expertes et d’experts réunis par l’Institut national français de la santé et de la recherche médicale (Inserm) dans le cadre de la procédure d’expertise collective concernant le polyhandicap.;;non
santé mentale;handicap;santé mentale;;111;17;;neutre;;L’activité quotidienne d’un jeune médecin, unique psychiatre de l’hôpital Beaujon à Clichy en région parisienne, illustre le manque de moyens du secteur de la santé mentale dans le milieu hospitalier.;La prévalence est particulièrement élevée chez les enfants rencontrant des difficultés de santé mentale, qui sont en moyenne 34,4 % à être exposés à une ou plusieurs formes d’abus et les enfants présentant des limitations intellectuelles exposés à hauteur de 33 %.;;non
soutenir;autre;soutenir;;110;47;;neutre;;J’invite les politiciennes et politiciens qui souhaitent faire marche arrière à soutenir les différents acteurs de l’enseignement dans la résolution de ces points de tensions.;Elles visent notamment à favoriser la participation des élèves aux situations d’apprentissage proposées en classe, à les soutenir dans l’accès aux contenus d’enseignement, à faciliter l’expression de leurs compétences ou encore à améliorer le niveau de réalisation d’une tâche.;;non
voir;autre;voir;;109;51;;neutre;;Il n’est pas rare de voir dans certaines classes de nombreux élèves bénéficiant d’adaptations ou d’un soutien pédagothérapeutique individualisé.;Régulièrement, ces aspirations se confrontent à des contraintes institutionnelles ou des cultures scolaires ne permettant plus de voir cette émancipation potentielle dans le quotidien pédagogique.;;non
sociales;autre;sociales;;109;42;;neutre;;Représentations sociétales : un questionnaire à distribution forcée (Q-sort) a été élaboré et une centaine de passations a été réalisée auprès d’un public estudiantin pour identifier les représentations sociales vis-à-vis des droits civiques des personnes présentant une déficience intellectuelle.;Le Bureau fédéral de l’égalité pour les personnes handicapées (BFEH) et la Conférence des directrices et directeurs cantonaux des affaires sociales (CDAS) ont créé ces journées dans le but de sensibiliser le public au thème de l’inclusion et des droits des personnes handicapées.;;non
parcours;autre;parcours;;108;43;;neutre;;Penser le parcours singulier dans une situation d’apprentissage collective;Déclinée en trois phases, Calliope accompagnera les enseignantes et les enseignants dans leur formation initiale lors de leur entrée dans la profession, puis durant leur parcours professionnel afin de revaloriser le métier et de renforcer les perspectives de développement professionnel.;;non
fédéral;autre;fédéral;;108;29;;neutre;;L’étude était financée par le Bureau fédéral de l’égalité pour les personnes handicapées (BFEH), l’Université de Fribourg et la Fondation Heilpädagogisches Zentrum de Fribourg.;Littérature scientifique et dispositions légales : une scoping review[1] de la littérature scientifique a été réalisée, complétée par l’identification du cadre législatif sur le sujet dans les quatre cantons participants, ainsi qu’au niveau fédéral.;;non
développer;autre;développer;;107;49;;neutre;;Qui n’a pas choisi le métier de l’enseignement dans le but de permettre à chaque élève de grandir, de se développer, de s’émanciper ?;"Nous pourrions envisager ici que l’école s’engage à développer des capabilités – au sens de possibilités effectives qu’une personne a de choisir ses modes de fonctionnement (Hart, 2012 ; Nussbaum, 2011) – et pas uniquement des connaissances et des compétences.";;non
besoin;autre;besoin;;107;48;;neutre;;Pour aménager efficacement cet environnement, les enseignantes et les enseignants ont besoin d’approches pédagogiques fondées sur des données probantes, ainsi que des opportunités de formation et des outils de développement personnel (Kurniawati, 2014).;Il s’agit de partir prioritairement de la perspective de l’ensemble des apprenantes et apprenants et non pas de celle des situations individuelles des élèves catégorisés comme ayant des besoins éducatifs particuliers.;;non
pratique;autre;pratique;;106;42;;neutre;;Par exemple, il semble manquer de résultats pretest et post-test rigoureux ou une opérationnalisation univoque des critères qualifiant une pratique de CUA.;Dans la pratique, l’expérience scolaire de certains élèves bénéficiant d’un soutien éducatif n’a d’inclusion que son libellé (Florian, 2010).;;non
s’agit;autre;s’agit;;106;45;;neutre;;Lorsqu’il s’agit d’adopter la vision pédagogique proposée par la CUA, de nombreux défis émergent dans les croyances et dans les pratiques.;Il s’agit donc de proposer une tâche similaire à l’ensemble de la classe tout en donnant la possibilité à l’élève bénéficiant d’un outil numérique d’en faire usage dans de bonnes conditions.;;non
diversité;autre;diversité;;105;39;;neutre;;Cette réalité interroge plusieurs aspects, que ça soit la charge induite par la coordination de la multiplicité d’interventions ou encore la capacité effective du système scolaire à accueillir une diversité d’élèves aux profils pluriels (Hornby & Kauffman, 2023).;Toutefois, les tensions semblent perpétuelles, entre des velléités d’une école pour toutes et tous et la faisabilité d’une institution ouverte à la diversité (Graham et al., 2023).;;non
société;autre;société;;104;42;;neutre;;Il semble donc y avoir un projet juste, sage et démocratique dans cette vision de société promue par la conception universelle.;Finalement, dans quelle société souhaitons-nous vivre ?;;non
parfois;autre;parfois;;104;45;;neutre;;Le projet de l’école inclusive relève d’un défi dont la taille a parfois été sous-estimée.;Répondre aux injonctions institutionnelles et aux besoins de l’élève, les tensions semblent parfois insurmontables.;;non
seulement;autre;seulement;;104;53;;neutre;;Si elle est une nième manière d’envisager le projet de l’école inclusive, elle se fonde sur des changements de paradigmes importants qui méritent d’interroger non seulement une organisation au sein de la classe, mais des structures et contraintes institutionnelles de l’école publique en général.;39,5 % des documents sont catégorisés comme « passables » au T 1 et seulement 18,8 % au T2.;;non
l’accès;autre;l’accès;;103;37;;neutre;;Certes, des mécanismes administratifs régulent l’accès à ces interventions pédagothérapeutiques, afin de rester dans les couts, d’éviter les délégations de charges non justifiées et de veiller à ce que les compétences restent dans la classe.;Mace (1985) est à l’origine du concept de la Conception Universelle (CU) ou Universal Design revendiquant l’accessibilité, l’inclusion et les droits pour toutes et tous dans l’accès au bâti (Winance, 2014).;;non
d’évaluation;methode;d’évaluation;;103;31;;neutre;;Ceci appelle des modalités d’évaluation des compétences plus proches des portfolios que des épreuves PISA (Programme International pour le Suivi des Acquis des élèves).;Instrument d’évaluation : une grille d’évaluation, nommée « Les 10 critères d’accessibilité des documents », a été préalablement créée par le CTAA selon les standards cités précédemment.;;non
face;autre;face;;102;45;;neutre;;Face à cela, la CUA est parfois présentée comme étant une approche permettant de retrouver cette « posture bienveillante » (Senécal et al., 2018, p.;-   La crainte de devoir mettre régulièrement les élèves face à des écrans, en individuel.;;non
qualité;autre;qualité;;102;40;;neutre;;Dans un contexte de CUA, la qualité de l’enseignement ne pourrait pas être évalué avec des tests standardisés, mais les apprentissages effectifs en contexte pourraient être documentés de manière plurielle.;Dans un contexte de CUA, la qualité de l’enseignement ne pourrait pas être évalué avec des tests standardisés, mais les apprentissages effectifs en contexte pourraient être documentés de manière plurielle;;non
ex;autre;ex;;102;33;;neutre;;"2.  plusieurs moyens d’actions et d’expression : les élèves ont le choix du support utilisé (p. ex, outils tels que l’aide-mémoire ou de la technologie) pour s’approprier le contenu et communiquer l’acquisition des connaissances ;";À partir de la version 2.0 des WCAG, le W3C tente d’être plus général et moins lié à une technologie spécifique (p. ex., le HTML) (W3C, 2008).;;non
doit;autre;doit;;100;47;;neutre;;L’élève doit faire des choix et se responsabiliser pour apprendre selon des objectifs identifiés et un environnement ouvert.;C’est pour cela que la CUA ne doit pas être une simple reformulation du projet d’école inclusive.;;non
monde;autre;monde;;99;33;;neutre;;Ces lignes directrices sont mentionnées et font référence dans les législations de nombreux pays à travers le monde (W3C, 2023).;Une société où tout le monde a des chances de trouver sa place ou une société à deux vitesses ?;;non
inclusives;handicap;inclusives;;98;27;;neutre;;Diffuser des outils d’observation comme l’UDL-OMT peut contribuer à une meilleure compréhension du cadre conceptuel de la CUA et, ainsi, entrainer une amélioration des pratiques pédagogiques inclusives.;Dès lors, la réflexion pédagogique et didactique nourrissant l’élaboration et la mise en place de dispositifs d’enseignement dans lesquels cet usage s’enracine, s’avère essentielle et à même de contribuer à des conditions inclusives d’enseignement.;;non
prendre;autre;prendre;;97;46;;neutre;;Ainsi, chacun et chacune peut en prendre connaissance par le moyen qui lui convient le mieux.;Pour toutes informations complémentaires, veuillez prendre contact avec les autrices de cet article.;;non
l’évaluation;methode;l’évaluation;;97;33;;neutre;;Se pose la question de son adaptabilité dans la diversité des systèmes scolaires européens et suisses en termes de supports et d’outils pour faciliter sa mise en œuvre et l’évaluation de son efficacité.;La rédaction de cet article nous a également amenés à être confrontés à la question de l’évaluation sommative/certificative.;;non
différenciation;autre;différenciation;;95;18;;neutre;;Le dernier article, coécrit avec ma collègue Géraldine Ayer, tente de situer la différenciation pédagogique, la CUA et l’accessibilité dans le contexte suisse.;Pour la pédagogie, c’est le passage d’une réponse à des individus – propre à la différenciation (ou du moins, à certaines définitions de la différenciation) – à une approche proactive où la pluralité est la norme (Proyer et al., 2021).;;non
mis;autre;mis;;95;53;;neutre;;Le CTAA a ainsi appliqué ces standards à certains ouvrages scolaires et les a mis à disposition des élèves à besoins éducatifs particuliers de Suisse romande via la plateforme Booxaa©.;Les deux traductrices de chaque langue ont analysé leur traduction respective et mis en exergue les écarts afin d’émettre une synthèse consensuelle (V1).;;non
II;autre;II;;94;17;;neutre;;Dans la continuité, la Direction générale de l’enseignement postobligatoire (DGEP) s’est à son tour penchée sur la mise en application de la LPS au secondaire II.;Toutefois, une disparité est généralement observée dans les réponses proposées aux élèves du secondaire I et du secondaire II.;;non
l’accessibilité;handicap;l’accessibilité;;93;30;;neutre;;Le dernier article, coécrit avec ma collègue Géraldine Ayer, tente de situer la différenciation pédagogique, la CUA et l’accessibilité dans le contexte suisse.;Mace (1985) est à l’origine du concept de la Conception Universelle (CU) ou Universal Design revendiquant l’accessibilité, l’inclusion et les droits pour toutes et tous dans l’accès au bâti (Winance, 2014).;;non
travers;autre;travers;;93;40;;neutre;;Dès les années 1990, la CU s’est étendue au domaine de l’éducation à travers la Conception Universelle de l’Apprentissage (CUA) ou Universal Design for Learning (UDL) en anglais.;Elle propose de concevoir l’apprentissage au travers de trois grands principes (Bergeron et al., 2011).;;non
aménagements;autre;aménagements;;93;24;;neutre;;L’octroi des aides numériques à titre individuel s’effectue le plus souvent alors que des aménagements pédagogiques, entendus comme compensation des désavantages, sont déjà déployés en classe.;Enfin, on peut constater que des aménagements pédagogiques, mis en place par le corps enseignant avant l’insertion d’une aide numérique spécifique, peuvent être privilégiés lorsqu’ils sont jugés suffisants.;;non
l’enfant;autre;l’enfant;;93;22;;neutre;;L’enfant doit faire de même avec les sons suivants.;Le guide de Sophie Leroux, L’anxiété chez l’enfant et l’adolescent (2023), se veut concret, basé sur des approches reconnues, pour aider parents, enfants, jeunes et professionnelles et professionnels de la santé et de l’éducation à y faire face.;;non
quotidien;autre;quotidien;;92;36;;neutre;;Régulièrement, ces aspirations se confrontent à des contraintes institutionnelles ou des cultures scolaires ne permettant plus de voir cette émancipation potentielle dans le quotidien pédagogique.;De plus, les manuels scolaires ne sont qu’une partie des documents pédagogiques utilisés dans les classes, le corps enseignant en produisant au quotidien pour son usage propre.;;non
grâce;autre;grâce;;91;43;;neutre;;Si ce projet est si porteur, c’est certainement grâce aux conditions d’implémentation optimales (Fontana-Lana & Petitpierre, 2017).;Les personnes présentant une déficience intellectuelle des deux groupes ont acquis des connaissances grâce à leur participation au projet et ont augmenté leur empowerment personnel, ainsi que leur conscience d’elles-mêmes et de leurs droits.;;non
permettre;autre;permettre;;90;33;;neutre;;Qui n’a pas choisi le métier de l’enseignement dans le but de permettre à chaque élève de grandir, de se développer, de s’émanciper ?;Pour permettre une diffusion plus large et un engagement facilité pour le corps enseignant, la formation a été proposée au catalogue de formation continue de la Haute École Pédagogique BEJUNE.;;non
grande;autre;grande;;90;45;;neutre;;La CUA a l'avantage d'inclure une plus grande majorité d'élèves.;Malgré les limites induites par une représentation visuelle, la courbe illustre la diversité des élèves, avec au centre une plus grande majorité d’élèves avec des besoins similaires.;;non
rendre;autre;rendre;;90;36;;neutre;;Tout d’abord, la CUA amène quelques craintes qui peuvent rendre difficile toute transposition concrète (Senécal et al., 2018).;Conformément au principe du QUOI, la CUA recommande de rendre accessible l’information en la proposant de diverses manières, notamment à travers plusieurs modalités sensorielles (visuelles, auditives, tactile,…).;;non
doivent;autre;doivent;;90;48;;neutre;;Au-delà du mot lié à l’objet « aidant », c’est également une conception de l’intelligence, le statut et le droit à l’erreur, qui doivent parfois évoluer dans les discours.;Bien que les résultats soient encourageants, ceux-ci doivent être modérés.;;non
vue;autre;vue;;90;47;;neutre;;Les résultats concernant le critère C1 (Format) suggèrent que les enseignantes ont bien intégré l’importance du format numérique pour pouvoir agir sur les autres critères en vue d’améliorer l’accessibilité des documents.;Pour cette étape finale, une trentaine de vidéos de leçons d’apprentissage en français et en italien sont analysées à l’aide du questionnaire UDL-OMT en vue de tester ses qualités psychométriques (cohérence interne, fidélité interjuge, etc.).;;non
formation professionnelle;autre;formation professionnelle;;90;18;;neutre;;Huit établissements socioéducatifs et trois centres de formation professionnelle de Fribourg, Genève, Neuchâtel et Vaud ont pris part au projet.;L’éducation et la formation sont le socle de notre prospérité, ce qui confère une importance fondamentale aux fonds investis par la Confédération en vertu du message relatif à l’encouragement de la formation, de la recherche et de l’innovation pendant les années 2025 à 2028.;;non
proches;autre;proches;;89;29;;neutre;;Passant de prestations principalement fournies hors du système scolaire, dans des institutions spécialisées, à des pratiques actuelles, de plus en plus proches du coenseignement in situ, c’est-à-dire en classe régulière.;Ceci appelle des modalités d’évaluation des compétences plus proches des portfolios que des épreuves PISA (Programme International pour le Suivi des Acquis des élèves).;;non
org;autre;org;;89;17;;neutre;;Comme le montre la Figure 1, la CUA s’articule autour de trois grands principes, déclinés en neuf lignes directrices qui sont composées de plusieurs points de contrôle (https://udlguidelines.cast.org/).;Remedial and Special Education, 41(4), 231-243. https://doi.org/10.1177/0741932520908015;;non
manque;autre;manque;;89;46;;neutre;;Par conséquent, le manque de connaissances des fonctionnalités des outils utilisés par les élèves et des schèmes d’utilisation que ceux-ci mobilisent selon les tâches à réaliser peut porter atteinte à l’expertise enseignante.;Alors même que le manque de ressources pour la mise en place de l’école inclusive est régulièrement invoqué – voir notamment l’enquête 2024 sur la satisfaction des enseignantes et des enseignants dans leur profession (Brägger, 2024, p.;;non
l’équipe;autre;l’équipe;;89;26;;neutre;;Déclaration de conflit d’intérêts : L’équipe de recherche n’a pas de conflit d’intérêts.;La collaboration constante entre l’équipe de recherche et les groupes de soutien a amélioré la validité et l’efficacité de la démarche tant du point de vue méthodologique que conceptuel.;;non
permettant;autre;permettant;;88;48;;neutre;;L’article de Rusconi & Gäng-Pacifico présente la traduction de l’UDL-OMT, un outil permettant d’observer et de mesurer la présence de la CUA dans les séquences d’enseignement.;Régulièrement, ces aspirations se confrontent à des contraintes institutionnelles ou des cultures scolaires ne permettant plus de voir cette émancipation potentielle dans le quotidien pédagogique.;;non
concernant;autre;concernant;;88;43;;neutre;;Plusieurs enseignantes et enseignants rapportaient ne pas se sentir légitimes d’ouvrir les outils d’aides à toute la classe à la suite de propos concernant notamment les casques antibruits que n’auraient pas dû être laissés à disposition de chaque élève.;Chaque critère est évalué sur 2 points (valeur attribuée de 0, 1 ou 2 points) hormis les critères concernant la police, les titres et le format évalués respectivement sur 3, 4 et 5 points pour un total maximum de 26 points par document (Bertrand et al., 2023).;;non
lieu;autre;lieu;;88;51;;neutre;;-   une synthèse des scores évalués dans la partie centrale donnant lieu à deux scores, l’un relatif à l’action de l’enseignant et l’autre relatif à l’expérience des élèves.;"La différenciation peut se faire à quatre niveaux, qui interagissent entre eux et peuvent donner lieu à des combinaisons multiples (Caron, 2003, 2008 ; Forget, 2018 ; Gouvernement du Québec, 2006 ; Meo, 2008 ; Tomlinson, 1999, 2004) :";;non
soi;autre;soi;;88;36;;neutre;;Une information sous forme numérique (en complément ou à la place du format papier) sera nécessaire pour répondre aux besoins divers et variés des personnes concernées.;Rendre accessible le contenu : soit l’accessibilité plus de l’ordre « cognitive », où l’on visera à agir principalement au niveau de la tâche, soit en l’ajustant ou en la changeant entièrement.;;non
établissements;autre;établissements;;88;29;;neutre;;En Suisse, l’éducation est de la responsabilité des cantons et des établissements.;Huit établissements socioéducatifs et trois centres de formation professionnelle de Fribourg, Genève, Neuchâtel et Vaud ont pris part au projet.;;non
s’est;autre;s’est;;87;44;;neutre;;En Suisse, l’intervention des pédagogues spécialisés s’est petit à petit déplacée ou élargie avec le temps.;Dès les années 1990, la CU s’est étendue au domaine de l’éducation à travers la Conception Universelle de l’Apprentissage (CUA) ou Universal Design for Learning (UDL) en anglais.;;non
page;autre;page;;87;21;;neutre;;"-   présenter l’information de manière à maintenir l’intégrité des unités de sens, par exemple en plaçant les consignes et les exercices sur la même page ;";Titres était peu pertinent dans cette étude, car la moitié des documents (27) ne comptait qu’une seule page et un seul exercice.;;non
protection;autre;protection;;87;25;;neutre;;L’anxiété est un mécanisme de protection et de survie qui permet de s’adapter face au danger.;Le premier épisode aborde la question des mesures de protection destinées aux adultes (« Les considérer comme des adultes : mesures de protection »).;;non
BY;autre;BY;;84;84;;neutre;;[Creative Common BY];A scoping review to explore how universal design for learning is described and implemented by rehabilitation health professionals in school settings.;;non
l’accompagnement;autre;l’accompagnement;;84;31;;neutre;;Collecte de données : l’étude consistait en la récolte, la cotation et l’analyse du niveau d’accessibilité de documents fournis aux élèves dans les classes avant la formation et l’accompagnement dispensé par le CPHV (Temps 1, du 11 au 15 octobre 2021) et après (Temps 2, du 20 au 24 juin 2022).;Il aborde ensuite cinq modèles d’accompagnement et présente les différents aspects de l’accompagnement socio-éducatif des personnes ayant des déficiences intellectuelles en milieu institutionnel en vue de les guider vers un avenir autonome.;;non
cantons;institution;cantons;;84;25;;neutre;;8, Cst., 1999) tandis que les cantons se doivent d’encourager l’inclusion[1] (art.;Alors que les cantons adhérant à Harmos s’engagent à assurer l’équité au sein du système éducatif suisse (CDIP, 2015), le programme de travail 2021-2024 de la CDIP (2023) mentionne explicitement son objectif de contribuer à l’équité du système d’éducation.;;non
secondaire II;autre;secondaire II;;84;13;;neutre;;Dans la continuité, la Direction générale de l’enseignement postobligatoire (DGEP) s’est à son tour penchée sur la mise en application de la LPS au secondaire II.;Toutefois, une disparité est généralement observée dans les réponses proposées aux élèves du secondaire I et du secondaire II.;;non
Creative;autre;Creative;;83;83;;neutre;;[Creative Common BY];[Creative Common BY-NC-ND];;non
Common;autre;Common;;83;83;;neutre;;[Creative Common BY];[Creative Common BY-NC-ND];;non
suivi;autre;suivi;;83;40;;neutre;;Ceci appelle des modalités d’évaluation des compétences plus proches des portfolios que des épreuves PISA (Programme International pour le Suivi des Acquis des élèves).;Contenu de la formation : les participantes ont suivi un module de e-learning d’une heure environ sur l’accessibilité des documents en lien avec la CUA.;;non
français;autre;français;;83;33;;neutre;;Ensuite, les versions en français et en italien ont été confrontées et discutées afin d’aboutir à une première version préliminaire dans chaque langue (V2).;Une fois que l’analyse des quatre traductions inversées a été effectuée, il en est ressorti que certains items traduits posaient des problèmes de compréhension et d’applicabilité en français et en italien.;;non
projets;autre;projets;;83;36;;neutre;;Il s’agit par exemple de proposer des textes avec des niveaux de lecture variés, des thématiques différentes pour le développement d’une compétence, plusieurs choix de problèmes à résoudre ou encore de valoriser les projets personnels ou d’établir des contrats d’apprentissage pour certains élèves.;Les personnes présentant une déficience intellectuelle ont dit participer à davantage d’évènements et de projets, tant à l’intérieur qu’à l’extérieur de l’établissement.;;non
Creative Common;autre;Creative Common;;83;83;;neutre;;[Creative Common BY];[Creative Common BY-NC-ND];;non
l’apprentissage;ecole;l’apprentissage;;82;36;;neutre;;L’un d’eux est la conception universelle de l’apprentissage (CUA).;De plus, les termes « de l’apprentissage » tranchent avec la formulation anglophone « for learning ».;;non
participantes;autre;participantes;;82;24;;neutre;;Participantes : 8 enseignantes de 3H à 8H d’un collège du canton de Neuchâtel ont participé à la formation et au projet de recherche.;Les 8 participantes ont accepté de partager leurs données avec une personne tierce (étudiante de Bachelor en pédagogie spécialisée).;;non
Common BY;autre;Common BY;;82;82;;neutre;;[Creative Common BY];;;non
Creative Common BY;autre;Creative Common BY;;82;82;;neutre;;[Creative Common BY];;;non
d’être;autre;d’être;;81;48;;neutre;;La première permet aux élèves d’être soulagés d’une partie de la tâche et de proposer des productions plus longues, de gagner du temps tout en répondant davantage aux exigences attendues.;À partir de la version 2.0 des WCAG, le W3C tente d’être plus général et moins lié à une technologie spécifique (p. ex., le HTML) (W3C, 2008).;;non
vise;autre;vise;;80;42;;neutre;;Le QUOI vise à offrir plusieurs moyens de présentation de l’information et des concepts, puisque les individus la perçoivent et la comprennent différemment.;Ainsi, l’éducation inclusive à travers la mise en œuvre de la CUA, vise à créer des conditions favorables pour les apprentissages et la participation sociale et culturelle de toutes et tous, sans distinction (Vienneau, 2010).;;non
prévention;autre;prévention;;80;23;;neutre;;Il propose des outils de prévention et d’intervention à intégrer au quotidien, pour apaiser le corps, la tête et les sentiments, afin de modifier le comportement.;Moindre accès à l’information et aux actions de prévention;;non
l’étude;autre;l’étude;;79;26;;neutre;;Collecte de données : l’étude consistait en la récolte, la cotation et l’analyse du niveau d’accessibilité de documents fournis aux élèves dans les classes avant la formation et l’accompagnement dispensé par le CPHV (Temps 1, du 11 au 15 octobre 2021) et après (Temps 2, du 20 au 24 juin 2022).;Une analyse des données quantitatives et qualitatives obtenues au cours de l’étude préliminaire a été réalisée par le comité de traduction.;;non
acteurs;autre;acteurs;;78;34;;neutre;;Elle est probablement l’un des facteurs qui amène directement et indirectement une certaine charge pour le corps enseignant.;La décision en vue de l’attribution de telles mesures nécessite un réseau impliquant divers actrices et acteurs (autres professionnelles et professionnels de la pédagogie, direction d’établissement ou services de l’enseignement spécialisé, parents, etc.).;;non
in;autre;in;;78;20;;neutre;;En Suisse, l’intervention des pédagogues spécialisés s’est petit à petit déplacée ou élargie avec le temps.;Les origines architecturales de la CUA sont explicites (Persson et al., 2015).;;non
apprenants;ecole;apprenants;;78;23;;neutre;;43), la CUA invite à la dénormalisation (Bergeron et al., 2011) et à l’intégration de flexibilité dans les curriculums (CAST, 2024), laissant une place importante aux choix des apprenantes et apprenants (Murawski & Ricci, 2019) et donc leur responsabilisation.;Une évidence dans le défi de mise en œuvre de la CUA est la perte de contrôle de l’institution et du corps enseignant, puisque celui-ci est rendu aux apprenantes et apprenants (Yu et al., 2021).;;non
enseignante;ecole;enseignante;;78;33;;neutre;;La formation a été dispensée par un transcripteur-adaptateur, c’est-à-dire un technicien spécialisé en adaptation de documents à destination des élèves DEVI, et une enseignante spécialisée en déficit visuel, référente accessibilité du CPHV.;Sont impliqués dans cette phase les deux autrices de cet article qui possèdent une expertise dans les méthodologies en enseignement et dans la CUA, une enseignante spécialisée récemment diplômée, deux étudiantes et un étudiant en Master en pédagogie spécialisée/orientation enseignement spécialisé.;;non
lecture;autre;lecture;;78;30;;neutre;;Elle consiste à évaluer pour chaque document les éléments suivants : (1) le format, (2) les titres, (3) la police, (4) le contraste, (5) l’alignement, (6) le sens de lecture, (7) les éléments flottants, (8) les unités de sens, (9) les images dénuées de sens et (10) les images porteuses de sens.;Sens de lecture   92     100                                                               x;;non
dossier;autre;dossier;;77;22;;neutre;;Dans un premier temps, nous avions prévu de centrer ce dossier thématique sur les technologies d’aides (TA) et les difficultés d’apprentissage, qui sont typiquement de l’ordre de l’intervention directe, individuelle.;Cependant, vu les diverses actualités, il nous a semblé plus intéressant de réorienter le dossier pour mettre l’accent sur des pratiques plus globales et pouvant bénéficier à l’ensemble du groupe classe.;;non
éducatif;autre;éducatif;;77;30;;neutre;;Dans le contexte éducatif nord-américain ayant des contraintes et des contingences différentes, d’autres fonctionnements ont émergé pour participer au projet de l’école inclusive.;Depuis trente ans, le domaine de la pédagogie spécialisée a évolué et accorde une attention toujours plus croissante aux politiques d’inclusion pour les élèves bénéficiant d’un soutien éducatif (United Nations Educational, Scientific and Cultural Organization [UNESCO], 1994).;;non
apprendre;autre;apprendre;;77;30;;neutre;;L’élève doit faire des choix et se responsabiliser pour apprendre selon des objectifs identifiés et un environnement ouvert.;En effet, les élèves pourraient théoriquement ne choisir que des modalités similaires pour apprendre, à l’exemple de l’utilisation exclusive de la synthèse vocale qui pourrait limiter de rencontrer des textes à lire.;;non
fonctionnement;autre;fonctionnement;;77;36;;neutre;;"Nous pourrions envisager ici que l’école s’engage à développer des capabilités – au sens de possibilités effectives qu’une personne a de choisir ses modes de fonctionnement (Hart, 2012 ; Nussbaum, 2011) – et pas uniquement des connaissances et des compétences.";Par ce fonctionnement, le temps didactique de la classe est maintenu (si l’outil est maitrisé), le collectif non fragmenté et la participation de l’élève assurée.;;non
https doi;autre;https doi;;77;14;;neutre;;Remedial and Special Education, 41(4), 231-243. https://doi.org/10.1177/0741932520908015;Éducation et francophonie, 39(2), 87–104. https://doi.org/10.7202/1007729ar;;non
doi org;autre;doi org;;77;14;;neutre;;Remedial and Special Education, 41(4), 231-243. https://doi.org/10.1177/0741932520908015;Éducation et francophonie, 39(2), 87–104. https://doi.org/10.7202/1007729ar;;non
https doi org;autre;https doi org;;77;14;;neutre;;Remedial and Special Education, 41(4), 231-243. https://doi.org/10.1177/0741932520908015;Éducation et francophonie, 39(2), 87–104. https://doi.org/10.7202/1007729ar;;non
modalités;autre;modalités;;76;33;;neutre;;En effet, les élèves pourraient théoriquement ne choisir que des modalités similaires pour apprendre, à l’exemple de l’utilisation exclusive de la synthèse vocale qui pourrait limiter de rencontrer des textes à lire.;Ceci appelle des modalités d’évaluation des compétences plus proches des portfolios que des épreuves PISA (Programme International pour le Suivi des Acquis des élèves).;;non
l’environnement;autre;l’environnement;;76;32;;neutre;;La manière dont est conçu l’environnement est donc un facteur déterminant du handicap.;Dans sa dimension sociale, le handicap correspond aux restrictions de participation qui ressortent de l’interaction entre (a) l’environnement de la personne (naturel et social), (b) sa ou ses déficiences, et (c) sa personnalité (ressources internes, vécu, etc.).;;non
autrices;autre;autrices;;76;55;;neutre;;Autrices et auteurs;Ces autrices et auteurs relèvent donc la nécessité d’établir des critères d’observation pour évaluer sa mise en œuvre.;;non
Genève;autre;Genève;;76;31;;neutre;;Huit établissements socioéducatifs et trois centres de formation professionnelle de Fribourg, Genève, Neuchâtel et Vaud ont pris part au projet.;La cérémonie de clôture des Journées nationales d’action pour les droits des personnes handicapées s’est tenue le 15 juin 2024 dans le canton de Genève, en présence de la conseillère fédérale Elisabeth Baume-Schneider.;;non
constitue;autre;constitue;;76;42;;neutre;;Ceci constitue une grave discrimination;Ceci constitue une grave discrimination.;;non
service;institution;service;;74;38;;neutre;;Des standards pour la DEVI au service de supports d’enseignements plus inclusifs;Des outils au service des élèves et du corps enseignant;;non
nombreuses;autre;nombreuses;;74;42;;neutre;;Même si des études portant sur l’enseignement de la lecture-écriture chez les élèves avec une DI et des BCC commencent à voir le jour, elles sont encore peu nombreuses et sont menées avec un petit nombre de participants.;De nombreuses pistes et stratégies pédagogiques telles que celles présentées dans cet article gagneraient encore à être approfondies avec ces élèves.;;non
Revue Suisse;autre;Revue Suisse;;74;70;;neutre;;Revue Suisse de Pédagogie Spécialisée, Vol.;Revue Suisse de pédagogie spécialisée, 13(01), 47–49. https://doi.org/10.57161/r2023-01-08;;non
reste;autre;reste;;73;45;;neutre;;Il reste certes quelques pertes possibles dans le curriculum caché (Barthes, 2017), au sens d’apprentissage non prescrit, mais rendu possible par des expériences d’apprentissage vécues.;Enfin, un accompagnement personnalisé a été assuré sur site durant le reste de l’année scolaire.;;non
professionnel;autre;professionnel;;73;29;;neutre;;L’enseignante ou l’enseignant peut-elle ou peut-il compter sur l’aide d’une ou d’un autre professionnel lors de certaines périodes hebdomadaires ?;Déclinée en trois phases, Calliope accompagnera les enseignantes et les enseignants dans leur formation initiale lors de leur entrée dans la profession, puis durant leur parcours professionnel afin de revaloriser le métier et de renforcer les perspectives de développement professionnel.;;non
suis;autre;suis;;73;15;;neutre;;Pour ma part, je suis sourde de naissance et porteuse d’appareils auditifs.;« Si je dis que j’ai très mal, mais que mon visage est comme d’habitude, que je ne pleure pas ni ne gémis, je ne suis pas prise au sérieux.;;non
construction;autre;construction;;72;27;;neutre;;Ce retour d’expérience rappelle l’importance de l’axe vertical de la matrice de la CUA[3] (accéder 🡪construire 🡪internaliser), où l’apprenante ou l’apprenant est accompagné dans cette ouverture des possibles, dans la construction du choix et de l’autorégulation.;C’est par exemple, le recours à un correcteur orthographique lors de la production d’un résumé en histoire dans le cadre d’un travail de groupes ou l’utilisation d’un logiciel de géométrie pour effectuer un programme de construction de figures lors d’un temps de travail individuel ou de groupes.;;non
obstacles;autre;obstacles;;72;38;;neutre;;Les principaux obstacles rencontrés par les élèves DEVI en inclusion sont l’accès et le traitement de l’information pédagogique, ainsi que l’interaction avec les contenus (Castillan et al., 2018).;Son cadre conceptuel, défini par les membres du Center for Applied Special Technology (CAST), vise à supprimer les obstacles à l’apprentissage et fournir divers moyens pour répondre à la variabilité des élèves en adaptant les programmes et l’enseignement (Rose & Gravel, 2009).;;non
quatre;autre;quatre;;72;42;;neutre;;Quatre critères ont fortement augmenté (plus de 10 %) : C1.;Une fois que l’analyse des quatre traductions inversées a été effectuée, il en est ressorti que certains items traduits posaient des problèmes de compréhension et d’applicabilité en français et en italien.;;non
participants;autre;participants;;72;22;;neutre;;"Les items qui ont été signalés comme difficiles à comprendre ou à observer par les participantes et participants ont été reformulés en s’appuyant sur les principes d’équivalence interculturelle (Beaton et al., 2007 ; Corbière & Fraccaroli, 2020).";Même si des études portant sur l’enseignement de la lecture-écriture chez les élèves avec une DI et des BCC commencent à voir le jour, elles sont encore peu nombreuses et sont menées avec un petit nombre de participants.;;non
fonction;autre;fonction;;72;40;;neutre;;Benoit et Sagot (2008) distinguent entre autres la fonction augmentative de la fonction supplétive.;"Plus concrètement, il s’agit tant de concevoir des situations collectives d’apprentissage en fonction de la classe que d’apporter, au besoin, des ajustements (Forget, 2018 ; Prud’homme & Bergeron, 2012).";;non
formes;autre;formes;;72;36;;neutre;;-   À contrario, si on maintient les aménagements préexistants, n’y a-t-il pas le risque de créer des formes de surétayage de l’élève ou encore de faire émerger des formes d’inégalités par rapport aux autres élèves ?;Par exemple, les formes et les degrés de guidage par l’adulte, les outils (livres, vidéos, sites web, articles), les démarches (déductives/inductives, enseignement explicite) ou encore les stratégies d’apprentissage proposées.;;non
intellectuelle;autre;intellectuelle;;72;22;;neutre;;Environ un tiers des élèves ayant une déficience intellectuelle (DI) présentent des besoins complexes en communication (BCC) (Beukelman & Light, 2020).;Enseignement de la lecture et déficience intellectuelle;;non
regard;autre;regard;;72;40;;neutre;;Regard sur la réalité des familles par le prisme de la CIF avec PINK.;"Le processus ne doit pas faire peur : en Suisse, le système fonctionne déjà bien ; il nécessite surtout quelques aménagements et un changement de regard sur le handicap.";;non
trop;autre;trop;;71;37;;neutre;;La question n’est donc pas de se demander comment faire du particularisme avec les personnes qui seraient « trop hétérogènes », mais comment répondre à l’hétérogénéité naturelle en classe.;Toutefois, ces travaux scientifiques restent trop peu nombreux pour justifier un déploiement large de la CUA à tous les niveaux.;;non
spécialisées;autre;spécialisées;;71;19;;neutre;;Passant de prestations principalement fournies hors du système scolaire, dans des institutions spécialisées, à des pratiques actuelles, de plus en plus proches du coenseignement in situ, c’est-à-dire en classe régulière.;"Nous avons évalué les effets de ces adaptations sur les progrès des élèves ainsi que la pertinence de cette méthode aux yeux des enseignantes spécialisées qui les ont employées, au travers d’études expérimentales à cas uniques (Geyer et al., 2024 ; Linder, Geyer et al., 2023)[3].";;non
conception;methode;conception;;71;29;;neutre;;L’un d’eux est la conception universelle de l’apprentissage (CUA).;Il semble donc y avoir un projet juste, sage et démocratique dans cette vision de société promue par la conception universelle.;;non
permettent;autre;permettent;;71;43;;neutre;;Certes, les technologies numériques permettent d’ouvrir le champ des possibles en termes d’expériences d’apprentissage et ainsi de laisser un choix plus large aux élèves.;En privilégiant, pour la grande majorité des documents, un format numérique après la formation, les enseignantes permettent aux élèves d’accéder au contenu autrement que par l’écrit papier et agissent donc également sur le deuxième principe (le Comment).;;non
proposer;autre;proposer;;71;35;;neutre;;-   Le droit perçu de proposer un environnement pluriel et de laisser des choix.;Il peut s’agir de proposer une version informatique, audio, imagée ou simplifiée d’un texte à lire.;;non
recommandations;autre;recommandations;;71;28;;neutre;;Les enseignantes ont également appliqué les recommandations concernant l’alignement, la suppression des éléments flottants et la qualité des images porteuses de sens, et, dans une moindre mesure, ont été attentives au contraste ou encore au sens de lecture.;Le processus de traduction s’est appuyé sur la planification de Corbière et Fraccaroli (2020) et les recommandations de l’International Test Commission (ICT, 2017).;;non
favoriser;autre;favoriser;;71;37;;neutre;;Elles visent notamment à favoriser la participation des élèves aux situations d’apprentissage proposées en classe, à les soutenir dans l’accès aux contenus d’enseignement, à faciliter l’expression de leurs compétences ou encore à améliorer le niveau de réalisation d’une tâche.;Un autre élément qui apparait de manière transversale dans la CUA est de favoriser l’agentivité de l’apprenante et de l’apprenant (CAST, 2024), soit le fait de devenir actrices et acteur de ses apprentissages.;;non
réseau;autre;réseau;;71;30;;neutre;;La décision en vue de l’attribution de telles mesures nécessite un réseau impliquant divers actrices et acteurs (autres professionnelles et professionnels de la pédagogie, direction d’établissement ou services de l’enseignement spécialisé, parents, etc.).;La marge de manœuvre de l’enseignante ou l’enseignant dépend ici des décisions prises dans le cadre du réseau.;;non
avons;autre;avons;;71;30;;neutre;;De notre point de vue et partant des éléments que nous avons présentés dans cet article, la CUA et la différenciation pédagogique ne s’excluraient pas mais se renforceraient en tant qu’outils au service de l’école inclusive.;L’exercice étant complexe pour les raisons déjà invoquées, nous avons choisi de partir et de nous limiter à un cadrage théorique ou/et des définitions qui font consensus au niveau international, tout en tenant compte des politiques éducatives en vigueur en Suisse.;;non
formation continue;autre;formation continue;;71;20;;neutre;;Pour permettre une diffusion plus large et un engagement facilité pour le corps enseignant, la formation a été proposée au catalogue de formation continue de la Haute École Pédagogique BEJUNE.;Agenda et formation continue 75;;non
déficience intellectuelle;handicap;déficience intellectuelle;;71;22;;neutre;;Environ un tiers des élèves ayant une déficience intellectuelle (DI) présentent des besoins complexes en communication (BCC) (Beukelman & Light, 2020).;Enseignement de la lecture et déficience intellectuelle;;non
auprès;autre;auprès;;70;39;;neutre;;Les méthodes intégratives pour répondre à l’hétérogénéité peuvent agir soit directement sur la personne soit indirectement, au niveau de la classe, auprès du corps enseignant ou encore de la famille.;Une première expérimentation de la version originale (en anglais) de l’UDL-OMT auprès de 11 classes de différents degrés a démontré une bonne cohérence interne de l’outil (Basham, 2020a).;;non
parmi;autre;parmi;;70;36;;neutre;;Proposer et permettre aux élèves de choisir parmi des manières différentes d’accéder à l’information ainsi que plusieurs manières d’action et d’expression pour restituer leurs résultats font partie de l’apprendre à apprendre (CAST, 2024).;Par exemple, dans une activité de fusion de phonèmes à l’oral pour former un mot, plutôt que de demander à l’élève de donner le mot oralement, on lui demandera de pointer l’image correspondante, parmi un choix multiple de quatre images.;;non
visant;autre;visant;;69;39;;neutre;;Les recherches visant à confirmer l’efficacité de la CUA sont actuellement limitées, en partie parce qu’il est questionnable si oui ou non la CUA dans sa globalité peut réellement faire l’objet d’une mise à l’épreuve. (traduit de De Bruyckere et al., 2020, p.;"3.  plusieurs moyens de participation ou d’engagement : l’enseignement intègre une gamme de stratégies visant à susciter les intérêts et la motivation de l’ensemble des élèves (Basham et al., 2020a ; Edyburn, 2010 ; Rose & Meyer, 2002).";;non
interventions;methode;interventions;;69;25;;neutre;;Cette réalité interroge plusieurs aspects, que ça soit la charge induite par la coordination de la multiplicité d’interventions ou encore la capacité effective du système scolaire à accueillir une diversité d’élèves aux profils pluriels (Hornby & Kauffman, 2023).;Conseil fédéral – Garantir le financement conjoint des interventions précoces en cas d’autisme infantile;;non
chacune;autre;chacune;;69;37;;neutre;;C’est bien l’idée de générer (« conception ») des expériences de sorte que chacune et chacun (« universelle ») puisse trouver le nécessaire pour son développement et sa participation scolaire (« apprentissage »).;Ainsi, chacun et chacune peut en prendre connaissance par le moyen qui lui convient le mieux.;;non
réflexion;autre;réflexion;;69;42;;neutre;;L’articulation détaillée de l’outil permet de repérer les points d’amélioration possibles d’un programme et d’initier ainsi un processus de réflexion et de développement personnel du corps enseignant (Basham et al., 2020a).;Dès lors, la réflexion pédagogique et didactique nourrissant l’élaboration et la mise en place de dispositifs d’enseignement dans lesquels cet usage s’enracine, s’avère essentielle et à même de contribuer à des conditions inclusives d’enseignement.;;non
davantage;autre;davantage;;69;39;;neutre;;Toutefois, il faut noter que la CUA est davantage un cadre de conception d’environnements et d’expériences d’apprentissage qu’une pratique pédagogique spécifique.;La première permet aux élèves d’être soulagés d’une partie de la tâche et de proposer des productions plus longues, de gagner du temps tout en répondant davantage aux exigences attendues.;;non
l’autre;autre;l’autre;;69;33;;neutre;;-   une synthèse des scores évalués dans la partie centrale donnant lieu à deux scores, l’un relatif à l’action de l’enseignant et l’autre relatif à l’expérience des élèves.;Avec d’un côté l’enseignement spécialisé et de l’autre l’enseignement régulier, elle joue un rôle non négligeable dans la surcharge ressentie par des professionnelles et professionnels de l’école régulière.;;non
aujourd’hui;autre;aujourd’hui;;69;33;;neutre;;Le livre de Emmanuelle Ploix Maes et Domitille Gras, 100 idées pour mieux comprendre et accompagner les enfants dyspraxiques (2024), apporte un éclairage sur ce qu’on appelle aujourd’hui le trouble du développement de la coordination (TDC).;Aujourd’hui, la plupart des services de santé centraux (hôpitaux, cabinets médicaux, pharmacies) sont desservis par ascenseur, mais ils ne sont pas toujours sans marches de perron.;;non
besoins éducatifs;autre;besoins éducatifs;;69;32;;neutre;;Le CTAA a ainsi appliqué ces standards à certains ouvrages scolaires et les a mis à disposition des élèves à besoins éducatifs particuliers de Suisse romande via la plateforme Booxaa©.;Les élèves déclarés à besoins éducatifs particuliers qui font usage d’aides numériques en classe sont souvent conduits à emprunter des voies d’apprentissage singulières.;;non
qu’elles;autre;qu’elles;;68;42;;neutre;;Ainsi, si la CUA est polysémique dans les pratiques qu’elles laissent émerger, des enjeux transversaux ont pu être identifiés.;Les aides numériques se distinguent des autres outils numériques utilisés dans le champ de l’éducation par le fait qu’elles relèvent de la volonté de répondre spécifiquement à certaines difficultés rencontrées par des élèves déclarés à besoins éducatifs particuliers.;;non
Haute;autre;Haute;;68;31;;neutre;;Pour permettre une diffusion plus large et un engagement facilité pour le corps enseignant, la formation a été proposée au catalogue de formation continue de la Haute École Pédagogique BEJUNE.;La traduction et l’adaptation interculturelle de l’UDL-OMT a impliqué les autrices de cet article et deux étudiantes du Master en enseignement spécialisé de l’Université de Fribourg (UNIFR) et de la Haute École Pédagogique de Locarno (SUPSI).;;non
Convention;autre;Convention;;68;32;;neutre;;Cette évolution est soutenue entre autres par la Convention des Nations unies relative aux droits des personnes handicapées (CDPH) de l’Organisation des Nations Unies (ONU, 2006) et la Déclaration de Salamanque de l’UNESCO (1994).;En 2014, la Suisse a ratifié la Convention de l'ONU relative aux droits des personnes handicapées et s’est donc engagée à mettre en œuvre l’école inclusive (art.;;non
numériques;autre;numériques;;67;17;;neutre;;Le troisième article, écrit par Bacquelé se situe à mi-chemin et questionne comment introduire des aides numériques (mesures individuelles) dans le contexte de la classe.;Certes, les technologies numériques permettent d’ouvrir le champ des possibles en termes d’expériences d’apprentissage et ainsi de laisser un choix plus large aux élèves.;;non
physique;autre;physique;;67;31;;neutre;;Il s’agit d’assurer l’accès (1) à l'environnement physique, (2) aux transports, (3) à l'information et à la communication ainsi qu'à (4) d'autres infrastructures et services à disposition publiquement, en identifiant et éliminant les obstacles et barrières rencontrées (art.;Un étayage graduel du moins au plus intrusif (least to most system of prompts) est également proposé dans certaines tâches pour soutenir l’élève en augmentant l’aide en cas de non-réponse ou de réponse erronée (par ex., geste à explication verbale à démonstration à guidance physique).;;non
moyen;autre;moyen;;67;41;;neutre;;Le tout s’inscrit dans le but de tendre vers une école inclusive (Kennedy et al., 2018) conçue pour toutes et tous, non pour un élève moyen hypothétique (Meyer et al., 2014).;Ainsi, chacun et chacune peut en prendre connaissance par le moyen qui lui convient le mieux.;;non
l’utilisation;autre;l’utilisation;;67;38;;neutre;;En effet, les élèves pourraient théoriquement ne choisir que des modalités similaires pour apprendre, à l’exemple de l’utilisation exclusive de la synthèse vocale qui pourrait limiter de rencontrer des textes à lire.;Elles ont ensuite participé à deux modules en présentiel, respectivement de 2h30 et de 2h00, sur l’utilisation du modèle Word et des macros du CTAA.;;non
autour;autre;autour;;67;39;;neutre;;Le COMMENT s’articule autour des moyens d’action et d’expression en variant les méthodes de réaction et d’interaction, en soutenant la planification de l’action et la gestion de l’information.;Comme le montre la Figure 1, la CUA s’articule autour de trois grands principes, déclinés en neuf lignes directrices qui sont composées de plusieurs points de contrôle (https://udlguidelines.cast.org/).;;non
l’égalité;autre;l’égalité;;67;28;;neutre;;L’étude était financée par le Bureau fédéral de l’égalité pour les personnes handicapées (BFEH), l’Université de Fribourg et la Fondation Heilpädagogisches Zentrum de Fribourg.;Le Bureau fédéral de l’égalité pour les personnes handicapées (BFEH) et la Conférence des directrices et directeurs cantonaux des affaires sociales (CDAS) ont créé ces journées dans le but de sensibiliser le public au thème de l’inclusion et des droits des personnes handicapées.;;non
groupes;autre;groupes;;67;33;;neutre;;C’est par exemple, le recours à un correcteur orthographique lors de la production d’un résumé en histoire dans le cadre d’un travail de groupes ou l’utilisation d’un logiciel de géométrie pour effectuer un programme de construction de figures lors d’un temps de travail individuel ou de groupes.;Les personnes présentant une déficience intellectuelle ont été invitées à débattre au sein de groupes sur des thèmes divers choisis par elles.;;non
renforcer;autre;renforcer;;67;35;;neutre;;Former les personnes présentant une déficience intellectuelle pour développer ou renforcer leurs compétences d’autodétermination;Déclinée en trois phases, Calliope accompagnera les enseignantes et les enseignants dans leur formation initiale lors de leur entrée dans la profession, puis durant leur parcours professionnel afin de revaloriser le métier et de renforcer les perspectives de développement professionnel.;;non
matière;autre;matière;;67;30;;neutre;;Les personnes en situation de handicap font encore l’objet de nombreuses discriminations au quotidien – par exemple en matière de logement, de travail ou de déplacements en transports publics.;Compte tenu de cette espérance de vie et des besoins plus élevés des personnes en situation de handicap en matière de santé, prendre soin de la santé de ce groupe de la population apparait comme une vraie nécessité de santé publique.;;non
outil;methode;outil;;66;30;;neutre;;L’article de Rusconi & Gäng-Pacifico présente la traduction de l’UDL-OMT, un outil permettant d’observer et de mesurer la présence de la CUA dans les séquences d’enseignement.;Plusieurs enseignantes et enseignants rapportaient que lorsqu’un artéfact était présenté comme un « outil d’aide », les élèves semblaient moins chercher à l’utiliser.;;non
base;autre;base;;66;38;;neutre;;Les normes WCAG, les recommandations de la CUA ou encore la différenciation pédagogique avec ses quatre niveaux et les pistes que nous proposons peuvent servir de base.;Bénéficier de lieux de formation (de base et continue) dédiés à la participation citoyenne – pour débattre, comprendre les arguments des différentes positions et se former sa propre opinion sans pressions indues ou informations partielles – est capital pour cette population.;;non
expériences;autre;expériences;;66;29;;neutre;;C’est bien l’idée de générer (« conception ») des expériences de sorte que chacune et chacun (« universelle ») puisse trouver le nécessaire pour son développement et sa participation scolaire (« apprentissage »).;Il reste certes quelques pertes possibles dans le curriculum caché (Barthes, 2017), au sens d’apprentissage non prescrit, mais rendu possible par des expériences d’apprentissage vécues.;;non
diagnostic;autre;diagnostic;;66;26;;neutre;;Les résultats de la recherche ont mis en évidence l’existence de nombreuses situations de retrait abusif, qui peuvent s’expliquer par une association automatique du diagnostic de déficience intellectuelle à l’incapacité de discernement durable.;Lorsque le diagnostic est tombé, mes parents ont opté pour une intégration à l’école ordinaire plutôt que pour l’école spécialisée.;;non
demande;autre;demande;;66;38;;neutre;;Dit autrement, il parait dangereux d’instrumentaliser le concept de CUA pour renouveler la demande au corps enseignant d’accueillir la diversité, sans opérer des changements institutionnels forts, rendant cela possible.;Dans le second l'enseignant verbalise /b/ /uuug/ et demande quel mot j'ai dit ?;;non
romande;autre;romande;;66;27;;neutre;;Le CTAA a ainsi appliqué ces standards à certains ouvrages scolaires et les a mis à disposition des élèves à besoins éducatifs particuliers de Suisse romande via la plateforme Booxaa©.;Dans le but d’évaluer la compréhension et l’intelligibilité des items, les questionnaires révisés en français et en italien (V3) ont été soumis à une vingtaine d’enseignantes et enseignants de Suisses romande et italienne.;;non
pairs;autre;pairs;;66;26;;neutre;;Le fait qu’un des participants présentant une déficience intellectuelle ait été félicité par ses pairs pour ses progrès en est une illustration intéressante.;Dans cette même intention, mais destinée cette fois au public patient, la Check List a été réalisée avec des membres de la Communauté des Pairs Autistes Professionnels (CPAP).;;non
nécessaires;autre;nécessaires;;66;42;;neutre;;Il y a alors le risque de « déshabiller » les tâches proposées de leur intérêt didactique et d’en amoindrir l’exigence, et inversement la possibilité de complexifier la tâche du fait de savoirs didactiques et numériques nécessaires à une résolution médiée par le numérique.;Ces diverses ressources – matérielles et personnelles – sont d’autant plus nécessaires qu’elles peuvent tant soutenir la mise en œuvre de la CUA que de la différenciation pédagogique.;;non
